CREATE DATABASE  IF NOT EXISTS `biblioteca` /*!40100 DEFAULT CHARACTER SET utf8mb4 COLLATE utf8mb4_general_ci */ /*!80016 DEFAULT ENCRYPTION='N' */;
USE `biblioteca`;
-- MySQL dump 10.13  Distrib 8.0.22, for Win64 (x86_64)
--
-- Host: 127.0.0.1    Database: biblioteca
-- ------------------------------------------------------
-- Server version	8.0.22

/*!40101 SET @OLD_CHARACTER_SET_CLIENT=@@CHARACTER_SET_CLIENT */;
/*!40101 SET @OLD_CHARACTER_SET_RESULTS=@@CHARACTER_SET_RESULTS */;
/*!40101 SET @OLD_COLLATION_CONNECTION=@@COLLATION_CONNECTION */;
/*!50503 SET NAMES utf8 */;
/*!40103 SET @OLD_TIME_ZONE=@@TIME_ZONE */;
/*!40103 SET TIME_ZONE='+00:00' */;
/*!40014 SET @OLD_UNIQUE_CHECKS=@@UNIQUE_CHECKS, UNIQUE_CHECKS=0 */;
/*!40014 SET @OLD_FOREIGN_KEY_CHECKS=@@FOREIGN_KEY_CHECKS, FOREIGN_KEY_CHECKS=0 */;
/*!40101 SET @OLD_SQL_MODE=@@SQL_MODE, SQL_MODE='NO_AUTO_VALUE_ON_ZERO' */;
/*!40111 SET @OLD_SQL_NOTES=@@SQL_NOTES, SQL_NOTES=0 */;

--
-- Table structure for table `ejemplares`
--

DROP TABLE IF EXISTS `ejemplares`;
/*!40101 SET @saved_cs_client     = @@character_set_client */;
/*!50503 SET character_set_client = utf8mb4 */;
CREATE TABLE `ejemplares` (
  `id_ejemplar` int NOT NULL AUTO_INCREMENT,
  `id_libro` int NOT NULL,
  PRIMARY KEY (`id_ejemplar`),
  KEY `fk_ejemplares_libro_idx` (`id_libro`),
  CONSTRAINT `fk_ejemplares_libro` FOREIGN KEY (`id_libro`) REFERENCES `libros` (`id_libro`) ON DELETE RESTRICT ON UPDATE CASCADE
) ENGINE=InnoDB AUTO_INCREMENT=128 DEFAULT CHARSET=utf8mb4 COLLATE=utf8mb4_general_ci;
/*!40101 SET character_set_client = @saved_cs_client */;

--
-- Dumping data for table `ejemplares`
--

LOCK TABLES `ejemplares` WRITE;
/*!40000 ALTER TABLE `ejemplares` DISABLE KEYS */;
INSERT INTO `ejemplares` VALUES (4,2),(21,2),(22,2),(113,2),(5,5),(6,5),(125,14),(126,14),(127,16);
/*!40000 ALTER TABLE `ejemplares` ENABLE KEYS */;
UNLOCK TABLES;

--
-- Table structure for table `generos`
--

DROP TABLE IF EXISTS `generos`;
/*!40101 SET @saved_cs_client     = @@character_set_client */;
/*!50503 SET character_set_client = utf8mb4 */;
CREATE TABLE `generos` (
  `id_genero` int NOT NULL AUTO_INCREMENT,
  `descripcion` varchar(125) CHARACTER SET utf8mb4 COLLATE utf8mb4_general_ci NOT NULL,
  PRIMARY KEY (`id_genero`)
) ENGINE=InnoDB AUTO_INCREMENT=10 DEFAULT CHARSET=utf8mb4 COLLATE=utf8mb4_general_ci;
/*!40101 SET character_set_client = @saved_cs_client */;

--
-- Dumping data for table `generos`
--

LOCK TABLES `generos` WRITE;
/*!40000 ALTER TABLE `generos` DISABLE KEYS */;
INSERT INTO `generos` VALUES (1,'Ciencia ficción'),(2,'Terror'),(3,'Drama'),(4,'Suspenso'),(5,'Fantasia'),(6,'Drama Adolescente'),(8,'Programación'),(9,'asd');
/*!40000 ALTER TABLE `generos` ENABLE KEYS */;
UNLOCK TABLES;

--
-- Table structure for table `libro_reserva`
--

DROP TABLE IF EXISTS `libro_reserva`;
/*!40101 SET @saved_cs_client     = @@character_set_client */;
/*!50503 SET character_set_client = utf8mb4 */;
CREATE TABLE `libro_reserva` (
  `id_libro_reserva` int NOT NULL AUTO_INCREMENT,
  `id_libro` int NOT NULL,
  `id_reserva` int NOT NULL,
  PRIMARY KEY (`id_libro_reserva`),
  KEY `fk_libroreserva_libro_idx` (`id_libro`),
  KEY `fk_libroreserva_reserva_idx` (`id_reserva`),
  CONSTRAINT `fk_libroreserva_libro` FOREIGN KEY (`id_libro`) REFERENCES `libros` (`id_libro`) ON DELETE RESTRICT ON UPDATE CASCADE,
  CONSTRAINT `fk_libroreserva_reserva` FOREIGN KEY (`id_reserva`) REFERENCES `reservas` (`id_reserva`) ON DELETE RESTRICT ON UPDATE CASCADE
) ENGINE=InnoDB AUTO_INCREMENT=55 DEFAULT CHARSET=utf8mb4 COLLATE=utf8mb4_general_ci;
/*!40101 SET character_set_client = @saved_cs_client */;

--
-- Dumping data for table `libro_reserva`
--

LOCK TABLES `libro_reserva` WRITE;
/*!40000 ALTER TABLE `libro_reserva` DISABLE KEYS */;
INSERT INTO `libro_reserva` VALUES (12,5,7),(15,2,9),(16,5,9),(18,5,11),(19,5,12),(22,2,15),(36,14,28),(49,14,40),(50,16,41),(51,16,42),(52,14,42),(53,16,43),(54,14,44);
/*!40000 ALTER TABLE `libro_reserva` ENABLE KEYS */;
UNLOCK TABLES;

--
-- Table structure for table `libros`
--

DROP TABLE IF EXISTS `libros`;
/*!40101 SET @saved_cs_client     = @@character_set_client */;
/*!50503 SET character_set_client = utf8mb4 */;
CREATE TABLE `libros` (
  `id_libro` int NOT NULL AUTO_INCREMENT,
  `autor` varchar(125) CHARACTER SET utf8mb4 COLLATE utf8mb4_general_ci NOT NULL,
  `titulo` varchar(125) CHARACTER SET utf8mb4 COLLATE utf8mb4_general_ci NOT NULL,
  `nro_edicion` varchar(11) CHARACTER SET utf8mb4 COLLATE utf8mb4_general_ci NOT NULL,
  `fecha_edicion` date NOT NULL,
  `id_genero` int NOT NULL,
  PRIMARY KEY (`id_libro`),
  KEY `fk_libros_generos_idx` (`id_genero`),
  CONSTRAINT `fk_libros_generos` FOREIGN KEY (`id_genero`) REFERENCES `generos` (`id_genero`) ON DELETE RESTRICT ON UPDATE CASCADE
) ENGINE=InnoDB AUTO_INCREMENT=17 DEFAULT CHARSET=utf8mb4 COLLATE=utf8mb4_general_ci;
/*!40101 SET character_set_client = @saved_cs_client */;

--
-- Dumping data for table `libros`
--

LOCK TABLES `libros` WRITE;
/*!40000 ALTER TABLE `libros` DISABLE KEYS */;
INSERT INTO `libros` VALUES (2,'Andrzej Sapkowski','El último deseo','1','2002-02-04',5),(5,'Stephen King','IT','6','2019-02-01',2),(14,'Frederic Nietszche','Así habló Zaratustra','1','1951-09-12',9),(15,'abbbbbbbbbbbbb','asdasd','12','2021-02-11',1),(16,'asdasd','asd','1','2021-02-11',1);
/*!40000 ALTER TABLE `libros` ENABLE KEYS */;
UNLOCK TABLES;

--
-- Table structure for table `lineasdeprestamo`
--

DROP TABLE IF EXISTS `lineasdeprestamo`;
/*!40101 SET @saved_cs_client     = @@character_set_client */;
/*!50503 SET character_set_client = utf8mb4 */;
CREATE TABLE `lineasdeprestamo` (
  `id_lineadeprestamo` int NOT NULL AUTO_INCREMENT,
  `id_ejemplar` int NOT NULL,
  `id_prestamo` int NOT NULL,
  `devuelto` bit(1) NOT NULL,
  PRIMARY KEY (`id_lineadeprestamo`),
  KEY `fk_lineasdeprestamo_ejemplar_idx` (`id_ejemplar`),
  KEY `fk_lineasdeprestamo_prestamos_idx` (`id_prestamo`),
  CONSTRAINT `fk_lineasdeprestamo_ejemplares` FOREIGN KEY (`id_ejemplar`) REFERENCES `ejemplares` (`id_ejemplar`) ON DELETE RESTRICT ON UPDATE CASCADE,
  CONSTRAINT `fk_lineasdeprestamo_prestamos` FOREIGN KEY (`id_prestamo`) REFERENCES `prestamos` (`id_prestamo`) ON DELETE RESTRICT ON UPDATE CASCADE
) ENGINE=InnoDB AUTO_INCREMENT=10 DEFAULT CHARSET=utf8mb4 COLLATE=utf8mb4_general_ci;
/*!40101 SET character_set_client = @saved_cs_client */;

--
-- Dumping data for table `lineasdeprestamo`
--

LOCK TABLES `lineasdeprestamo` WRITE;
/*!40000 ALTER TABLE `lineasdeprestamo` DISABLE KEYS */;
INSERT INTO `lineasdeprestamo` VALUES (3,5,5,_binary ''),(4,5,6,_binary ''),(5,4,7,_binary ''),(6,6,7,_binary ''),(7,21,8,_binary ''),(8,5,9,_binary ''),(9,125,10,_binary '\0');
/*!40000 ALTER TABLE `lineasdeprestamo` ENABLE KEYS */;
UNLOCK TABLES;

--
-- Table structure for table `logs`
--

DROP TABLE IF EXISTS `logs`;
/*!40101 SET @saved_cs_client     = @@character_set_client */;
/*!50503 SET character_set_client = utf8mb4 */;
CREATE TABLE `logs` (
  `id_logs` int NOT NULL AUTO_INCREMENT,
  `level` varchar(20) COLLATE utf8mb4_general_ci NOT NULL,
  `stacktrace` varchar(5000) COLLATE utf8mb4_general_ci NOT NULL,
  `fecha` datetime NOT NULL,
  PRIMARY KEY (`id_logs`)
) ENGINE=InnoDB AUTO_INCREMENT=30 DEFAULT CHARSET=utf8mb4 COLLATE=utf8mb4_general_ci;
/*!40101 SET character_set_client = @saved_cs_client */;

--
-- Dumping data for table `logs`
--

LOCK TABLES `logs` WRITE;
/*!40000 ALTER TABLE `logs` DISABLE KEYS */;
INSERT INTO `logs` VALUES (1,'SEVERE','javax.mail.AuthenticationFailedException: 535-5.7.8 Username and Password not accepted. Learn more at\n535 5.7.8  https://support.google.com/mail/?p=BadCredentials a188sm2651298vsa.2 - gsmtp\n\r\n	at com.sun.mail.smtp.SMTPTransport$Authenticator.authenticate(SMTPTransport.java:965)\r\n	at com.sun.mail.smtp.SMTPTransport.authenticate(SMTPTransport.java:876)\r\n	at com.sun.mail.smtp.SMTPTransport.protocolConnect(SMTPTransport.java:780)\r\n	at javax.mail.Service.connect(Service.java:366)\r\n	at javax.mail.Service.connect(Service.java:246)\r\n	at servlets.Servlet.enviarConGMail(Servlet.java:170)\r\n	at servlets.LoginServlet.doGet(LoginServlet.java:48)\r\n	at javax.servlet.http.HttpServlet.service(HttpServlet.java:621)\r\n	at javax.servlet.http.HttpServlet.service(HttpServlet.java:728)\r\n	at org.apache.catalina.core.ApplicationFilterChain.internalDoFilter(ApplicationFilterChain.java:305)\r\n	at org.apache.catalina.core.ApplicationFilterChain.doFilter(ApplicationFilterChain.java:210)\r\n	at org.apache.tomcat.websocket.server.WsFilter.doFilter(WsFilter.java:51)\r\n	at org.apache.catalina.core.ApplicationFilterChain.internalDoFilter(ApplicationFilterChain.java:243)\r\n	at org.apache.catalina.core.ApplicationFilterChain.doFilter(ApplicationFilterChain.java:210)\r\n	at org.apache.catalina.core.StandardWrapperValve.invoke(StandardWrapperValve.java:222)\r\n	at org.apache.catalina.core.StandardContextValve.invoke(StandardContextValve.java:123)\r\n	at org.apache.catalina.authenticator.AuthenticatorBase.invoke(AuthenticatorBase.java:502)\r\n	at org.apache.catalina.core.StandardHostValve.invoke(StandardHostValve.java:171)\r\n	at org.apache.catalina.valves.ErrorReportValve.invoke(ErrorReportValve.java:100)\r\n	at org.apache.catalina.valves.AccessLogValve.invoke(AccessLogValve.java:953)\r\n	at org.apache.catalina.core.StandardEngineValve.invoke(StandardEngineValve.java:118)\r\n	at org.apache.catalina.connector.CoyoteAdapter.service(CoyoteAdapter.java:408)\r\n	at org.apache.coyote.http11.AbstractHttp11Processor.process(AbstractHttp11Processor.java:1041)\r\n	at org.apache.coyote.AbstractProtocol$AbstractConnectionHandler.process(AbstractProtocol.java:603)\r\n	at org.apache.tomcat.util.net.JIoEndpoint$SocketProcessor.run(JIoEndpoint.java:312)\r\n	at java.base/java.util.concurrent.ThreadPoolExecutor.runWorker(ThreadPoolExecutor.java:1130)\r\n	at java.base/java.util.concurrent.ThreadPoolExecutor$Worker.run(ThreadPoolExecutor.java:630)\r\n	at java.base/java.lang.Thread.run(Thread.java:832)\r\n','2021-11-25 00:00:00'),(2,'SEVERE','javax.mail.AuthenticationFailedException: 535-5.7.8 Username and Password not accepted. Learn more at\n535 5.7.8  https://support.google.com/mail/?p=BadCredentials n10sm2949361uaj.20 - gsmtp\n\r\n	at com.sun.mail.smtp.SMTPTransport$Authenticator.authenticate(SMTPTransport.java:965)\r\n	at com.sun.mail.smtp.SMTPTransport.authenticate(SMTPTransport.java:876)\r\n	at com.sun.mail.smtp.SMTPTransport.protocolConnect(SMTPTransport.java:780)\r\n	at javax.mail.Service.connect(Service.java:366)\r\n	at javax.mail.Service.connect(Service.java:246)\r\n	at servlets.Servlet.enviarConGMail(Servlet.java:170)\r\n	at servlets.LoginServlet.doGet(LoginServlet.java:48)\r\n	at javax.servlet.http.HttpServlet.service(HttpServlet.java:621)\r\n	at javax.servlet.http.HttpServlet.service(HttpServlet.java:728)\r\n	at org.apache.catalina.core.ApplicationFilterChain.internalDoFilter(ApplicationFilterChain.java:305)\r\n	at org.apache.catalina.core.ApplicationFilterChain.doFilter(ApplicationFilterChain.java:210)\r\n	at org.apache.tomcat.websocket.server.WsFilter.doFilter(WsFilter.java:51)\r\n	at org.apache.catalina.core.ApplicationFilterChain.internalDoFilter(ApplicationFilterChain.java:243)\r\n	at org.apache.catalina.core.ApplicationFilterChain.doFilter(ApplicationFilterChain.java:210)\r\n	at org.apache.catalina.core.StandardWrapperValve.invoke(StandardWrapperValve.java:222)\r\n	at org.apache.catalina.core.StandardContextValve.invoke(StandardContextValve.java:123)\r\n	at org.apache.catalina.authenticator.AuthenticatorBase.invoke(AuthenticatorBase.java:502)\r\n	at org.apache.catalina.core.StandardHostValve.invoke(StandardHostValve.java:171)\r\n	at org.apache.catalina.valves.ErrorReportValve.invoke(ErrorReportValve.java:100)\r\n	at org.apache.catalina.valves.AccessLogValve.invoke(AccessLogValve.java:953)\r\n	at org.apache.catalina.core.StandardEngineValve.invoke(StandardEngineValve.java:118)\r\n	at org.apache.catalina.connector.CoyoteAdapter.service(CoyoteAdapter.java:408)\r\n	at org.apache.coyote.http11.AbstractHttp11Processor.process(AbstractHttp11Processor.java:1041)\r\n	at org.apache.coyote.AbstractProtocol$AbstractConnectionHandler.process(AbstractProtocol.java:603)\r\n	at org.apache.tomcat.util.net.JIoEndpoint$SocketProcessor.run(JIoEndpoint.java:310)\r\n	at java.base/java.util.concurrent.ThreadPoolExecutor.runWorker(ThreadPoolExecutor.java:1130)\r\n	at java.base/java.util.concurrent.ThreadPoolExecutor$Worker.run(ThreadPoolExecutor.java:630)\r\n	at java.base/java.lang.Thread.run(Thread.java:832)\r\n','2021-11-25 00:00:00'),(3,'SEVERE','java.sql.SQLSyntaxErrorException: Table \'biblioteca.politicapreestamo\' doesn\'t exist\r\n	at com.mysql.cj.jdbc.exceptions.SQLError.createSQLException(SQLError.java:120)\r\n	at com.mysql.cj.jdbc.exceptions.SQLError.createSQLException(SQLError.java:97)\r\n	at com.mysql.cj.jdbc.exceptions.SQLExceptionsMapping.translateException(SQLExceptionsMapping.java:122)\r\n	at com.mysql.cj.jdbc.StatementImpl.executeQuery(StatementImpl.java:1200)\r\n	at data.PoliticaPrestamoDAO.getAll(PoliticaPrestamoDAO.java:30)\r\n	at logic.PoliticaPrestamoLogic.getAll(PoliticaPrestamoLogic.java:17)\r\n	at servlets.ABMPoliticaPrestamoServlet.doGet(ABMPoliticaPrestamoServlet.java:38)\r\n	at javax.servlet.http.HttpServlet.service(HttpServlet.java:621)\r\n	at javax.servlet.http.HttpServlet.service(HttpServlet.java:728)\r\n	at org.apache.catalina.core.ApplicationFilterChain.internalDoFilter(ApplicationFilterChain.java:305)\r\n	at org.apache.catalina.core.ApplicationFilterChain.doFilter(ApplicationFilterChain.java:210)\r\n	at org.apache.tomcat.websocket.server.WsFilter.doFilter(WsFilter.java:51)\r\n	at org.apache.catalina.core.ApplicationFilterChain.internalDoFilter(ApplicationFilterChain.java:243)\r\n	at org.apache.catalina.core.ApplicationFilterChain.doFilter(ApplicationFilterChain.java:210)\r\n	at org.apache.catalina.core.StandardWrapperValve.invoke(StandardWrapperValve.java:222)\r\n	at org.apache.catalina.core.StandardContextValve.invoke(StandardContextValve.java:123)\r\n	at org.apache.catalina.authenticator.AuthenticatorBase.invoke(AuthenticatorBase.java:502)\r\n	at org.apache.catalina.core.StandardHostValve.invoke(StandardHostValve.java:171)\r\n	at org.apache.catalina.valves.ErrorReportValve.invoke(ErrorReportValve.java:100)\r\n	at org.apache.catalina.valves.AccessLogValve.invoke(AccessLogValve.java:953)\r\n	at org.apache.catalina.core.StandardEngineValve.invoke(StandardEngineValve.java:118)\r\n	at org.apache.catalina.connector.CoyoteAdapter.service(CoyoteAdapter.java:408)\r\n	at org.apache.coyote.http11.AbstractHttp11Processor.process(AbstractHttp11Processor.java:1041)\r\n	at org.apache.coyote.AbstractProtocol$AbstractConnectionHandler.process(AbstractProtocol.java:603)\r\n	at org.apache.tomcat.util.net.JIoEndpoint$SocketProcessor.run(JIoEndpoint.java:312)\r\n	at java.base/java.util.concurrent.ThreadPoolExecutor.runWorker(ThreadPoolExecutor.java:1130)\r\n	at java.base/java.util.concurrent.ThreadPoolExecutor$Worker.run(ThreadPoolExecutor.java:630)\r\n	at java.base/java.lang.Thread.run(Thread.java:832)\r\n','2021-11-28 00:00:00'),(4,'SEVERE','java.sql.SQLSyntaxErrorException: Table \'biblioteca.politicapreestamo\' doesn\'t exist\r\n	at com.mysql.cj.jdbc.exceptions.SQLError.createSQLException(SQLError.java:120)\r\n	at com.mysql.cj.jdbc.exceptions.SQLError.createSQLException(SQLError.java:97)\r\n	at com.mysql.cj.jdbc.exceptions.SQLExceptionsMapping.translateException(SQLExceptionsMapping.java:122)\r\n	at com.mysql.cj.jdbc.StatementImpl.executeQuery(StatementImpl.java:1200)\r\n	at data.PoliticaPrestamoDAO.getAll(PoliticaPrestamoDAO.java:30)\r\n	at logic.PoliticaPrestamoLogic.getAll(PoliticaPrestamoLogic.java:17)\r\n	at servlets.ABMPoliticaPrestamoServlet.doGet(ABMPoliticaPrestamoServlet.java:38)\r\n	at javax.servlet.http.HttpServlet.service(HttpServlet.java:621)\r\n	at javax.servlet.http.HttpServlet.service(HttpServlet.java:728)\r\n	at org.apache.catalina.core.ApplicationFilterChain.internalDoFilter(ApplicationFilterChain.java:305)\r\n	at org.apache.catalina.core.ApplicationFilterChain.doFilter(ApplicationFilterChain.java:210)\r\n	at org.apache.tomcat.websocket.server.WsFilter.doFilter(WsFilter.java:51)\r\n	at org.apache.catalina.core.ApplicationFilterChain.internalDoFilter(ApplicationFilterChain.java:243)\r\n	at org.apache.catalina.core.ApplicationFilterChain.doFilter(ApplicationFilterChain.java:210)\r\n	at org.apache.catalina.core.StandardWrapperValve.invoke(StandardWrapperValve.java:222)\r\n	at org.apache.catalina.core.StandardContextValve.invoke(StandardContextValve.java:123)\r\n	at org.apache.catalina.authenticator.AuthenticatorBase.invoke(AuthenticatorBase.java:502)\r\n	at org.apache.catalina.core.StandardHostValve.invoke(StandardHostValve.java:171)\r\n	at org.apache.catalina.valves.ErrorReportValve.invoke(ErrorReportValve.java:100)\r\n	at org.apache.catalina.valves.AccessLogValve.invoke(AccessLogValve.java:953)\r\n	at org.apache.catalina.core.StandardEngineValve.invoke(StandardEngineValve.java:118)\r\n	at org.apache.catalina.connector.CoyoteAdapter.service(CoyoteAdapter.java:408)\r\n	at org.apache.coyote.http11.AbstractHttp11Processor.process(AbstractHttp11Processor.java:1041)\r\n	at org.apache.coyote.AbstractProtocol$AbstractConnectionHandler.process(AbstractProtocol.java:603)\r\n	at org.apache.tomcat.util.net.JIoEndpoint$SocketProcessor.run(JIoEndpoint.java:310)\r\n	at java.base/java.util.concurrent.ThreadPoolExecutor.runWorker(ThreadPoolExecutor.java:1130)\r\n	at java.base/java.util.concurrent.ThreadPoolExecutor$Worker.run(ThreadPoolExecutor.java:630)\r\n	at java.base/java.lang.Thread.run(Thread.java:832)\r\n','2021-11-28 00:00:00'),(5,'SEVERE','java.sql.SQLSyntaxErrorException: Table \'biblioteca.politicapreestamo\' doesn\'t exist\r\n	at com.mysql.cj.jdbc.exceptions.SQLError.createSQLException(SQLError.java:120)\r\n	at com.mysql.cj.jdbc.exceptions.SQLError.createSQLException(SQLError.java:97)\r\n	at com.mysql.cj.jdbc.exceptions.SQLExceptionsMapping.translateException(SQLExceptionsMapping.java:122)\r\n	at com.mysql.cj.jdbc.StatementImpl.executeQuery(StatementImpl.java:1200)\r\n	at data.PoliticaPrestamoDAO.getAll(PoliticaPrestamoDAO.java:30)\r\n	at logic.PoliticaPrestamoLogic.getAll(PoliticaPrestamoLogic.java:17)\r\n	at servlets.ABMPoliticaPrestamoServlet.doGet(ABMPoliticaPrestamoServlet.java:38)\r\n	at javax.servlet.http.HttpServlet.service(HttpServlet.java:621)\r\n	at javax.servlet.http.HttpServlet.service(HttpServlet.java:728)\r\n	at org.apache.catalina.core.ApplicationFilterChain.internalDoFilter(ApplicationFilterChain.java:305)\r\n	at org.apache.catalina.core.ApplicationFilterChain.doFilter(ApplicationFilterChain.java:210)\r\n	at org.apache.tomcat.websocket.server.WsFilter.doFilter(WsFilter.java:51)\r\n	at org.apache.catalina.core.ApplicationFilterChain.internalDoFilter(ApplicationFilterChain.java:243)\r\n	at org.apache.catalina.core.ApplicationFilterChain.doFilter(ApplicationFilterChain.java:210)\r\n	at org.apache.catalina.core.StandardWrapperValve.invoke(StandardWrapperValve.java:222)\r\n	at org.apache.catalina.core.StandardContextValve.invoke(StandardContextValve.java:123)\r\n	at org.apache.catalina.authenticator.AuthenticatorBase.invoke(AuthenticatorBase.java:502)\r\n	at org.apache.catalina.core.StandardHostValve.invoke(StandardHostValve.java:171)\r\n	at org.apache.catalina.valves.ErrorReportValve.invoke(ErrorReportValve.java:100)\r\n	at org.apache.catalina.valves.AccessLogValve.invoke(AccessLogValve.java:953)\r\n	at org.apache.catalina.core.StandardEngineValve.invoke(StandardEngineValve.java:118)\r\n	at org.apache.catalina.connector.CoyoteAdapter.service(CoyoteAdapter.java:408)\r\n	at org.apache.coyote.http11.AbstractHttp11Processor.process(AbstractHttp11Processor.java:1041)\r\n	at org.apache.coyote.AbstractProtocol$AbstractConnectionHandler.process(AbstractProtocol.java:603)\r\n	at org.apache.tomcat.util.net.JIoEndpoint$SocketProcessor.run(JIoEndpoint.java:310)\r\n	at java.base/java.util.concurrent.ThreadPoolExecutor.runWorker(ThreadPoolExecutor.java:1130)\r\n	at java.base/java.util.concurrent.ThreadPoolExecutor$Worker.run(ThreadPoolExecutor.java:630)\r\n	at java.base/java.lang.Thread.run(Thread.java:832)\r\n','2021-11-28 00:00:00'),(6,'SEVERE','java.sql.SQLSyntaxErrorException: Table \'biblioteca.politicapreestamo\' doesn\'t exist\r\n	at com.mysql.cj.jdbc.exceptions.SQLError.createSQLException(SQLError.java:120)\r\n	at com.mysql.cj.jdbc.exceptions.SQLError.createSQLException(SQLError.java:97)\r\n	at com.mysql.cj.jdbc.exceptions.SQLExceptionsMapping.translateException(SQLExceptionsMapping.java:122)\r\n	at com.mysql.cj.jdbc.StatementImpl.executeQuery(StatementImpl.java:1200)\r\n	at data.PoliticaPrestamoDAO.getAll(PoliticaPrestamoDAO.java:30)\r\n	at logic.PoliticaPrestamoLogic.getAll(PoliticaPrestamoLogic.java:17)\r\n	at servlets.ABMPoliticaPrestamoServlet.doGet(ABMPoliticaPrestamoServlet.java:38)\r\n	at javax.servlet.http.HttpServlet.service(HttpServlet.java:621)\r\n	at javax.servlet.http.HttpServlet.service(HttpServlet.java:728)\r\n	at org.apache.catalina.core.ApplicationFilterChain.internalDoFilter(ApplicationFilterChain.java:305)\r\n	at org.apache.catalina.core.ApplicationFilterChain.doFilter(ApplicationFilterChain.java:210)\r\n	at org.apache.tomcat.websocket.server.WsFilter.doFilter(WsFilter.java:51)\r\n	at org.apache.catalina.core.ApplicationFilterChain.internalDoFilter(ApplicationFilterChain.java:243)\r\n	at org.apache.catalina.core.ApplicationFilterChain.doFilter(ApplicationFilterChain.java:210)\r\n	at org.apache.catalina.core.StandardWrapperValve.invoke(StandardWrapperValve.java:222)\r\n	at org.apache.catalina.core.StandardContextValve.invoke(StandardContextValve.java:123)\r\n	at org.apache.catalina.authenticator.AuthenticatorBase.invoke(AuthenticatorBase.java:502)\r\n	at org.apache.catalina.core.StandardHostValve.invoke(StandardHostValve.java:171)\r\n	at org.apache.catalina.valves.ErrorReportValve.invoke(ErrorReportValve.java:100)\r\n	at org.apache.catalina.valves.AccessLogValve.invoke(AccessLogValve.java:953)\r\n	at org.apache.catalina.core.StandardEngineValve.invoke(StandardEngineValve.java:118)\r\n	at org.apache.catalina.connector.CoyoteAdapter.service(CoyoteAdapter.java:408)\r\n	at org.apache.coyote.http11.AbstractHttp11Processor.process(AbstractHttp11Processor.java:1041)\r\n	at org.apache.coyote.AbstractProtocol$AbstractConnectionHandler.process(AbstractProtocol.java:603)\r\n	at org.apache.tomcat.util.net.JIoEndpoint$SocketProcessor.run(JIoEndpoint.java:310)\r\n	at java.base/java.util.concurrent.ThreadPoolExecutor.runWorker(ThreadPoolExecutor.java:1130)\r\n	at java.base/java.util.concurrent.ThreadPoolExecutor$Worker.run(ThreadPoolExecutor.java:630)\r\n	at java.base/java.lang.Thread.run(Thread.java:832)\r\n','2021-11-28 00:00:00'),(7,'SEVERE','com.amazonaws.services.s3.model.AmazonS3Exception: Access Denied (Service: Amazon S3; Status Code: 403; Error Code: AccessDenied; Request ID: BSGM79RFTJ4W1XRZ; S3 Extended Request ID: jY0X20LIY6Eo9rbzlVb7VddbQvsl97mzsj8bKCXNe3Co1/N/IbDhVggSxnbiocFDkrxO4ndGF3U=; Proxy: null), S3 Extended Request ID: jY0X20LIY6Eo9rbzlVb7VddbQvsl97mzsj8bKCXNe3Co1/N/IbDhVggSxnbiocFDkrxO4ndGF3U=\r\n	at com.amazonaws.http.AmazonHttpClient$RequestExecutor.handleErrorResponse(AmazonHttpClient.java:1819)\r\n	at com.amazonaws.http.AmazonHttpClient$RequestExecutor.handleServiceErrorResponse(AmazonHttpClient.java:1403)\r\n	at com.amazonaws.http.AmazonHttpClient$RequestExecutor.executeOneRequest(AmazonHttpClient.java:1372)\r\n	at com.amazonaws.http.AmazonHttpClient$RequestExecutor.executeHelper(AmazonHttpClient.java:1145)\r\n	at com.amazonaws.http.AmazonHttpClient$RequestExecutor.doExecute(AmazonHttpClient.java:802)\r\n	at com.amazonaws.http.AmazonHttpClient$RequestExecutor.executeWithTimer(AmazonHttpClient.java:770)\r\n	at com.amazonaws.http.AmazonHttpClient$RequestExecutor.execute(AmazonHttpClient.java:744)\r\n	at com.amazonaws.http.AmazonHttpClient$RequestExecutor.access$500(AmazonHttpClient.java:704)\r\n	at com.amazonaws.http.AmazonHttpClient$RequestExecutionBuilderImpl.execute(AmazonHttpClient.java:686)\r\n	at com.amazonaws.http.AmazonHttpClient.execute(AmazonHttpClient.java:550)\r\n	at com.amazonaws.http.AmazonHttpClient.execute(AmazonHttpClient.java:530)\r\n	at com.amazonaws.services.s3.AmazonS3Client.invoke(AmazonS3Client.java:5445)\r\n	at com.amazonaws.services.s3.AmazonS3Client.invoke(AmazonS3Client.java:5392)\r\n	at com.amazonaws.services.s3.AmazonS3Client.deleteObject(AmazonS3Client.java:2294)\r\n	at com.amazonaws.services.s3.AmazonS3Client.deleteObject(AmazonS3Client.java:2278)\r\n	at servlets.ImagesServlet.doPost(ImagesServlet.java:85)\r\n	at javax.servlet.http.HttpServlet.service(HttpServlet.java:647)\r\n	at javax.servlet.http.HttpServlet.service(HttpServlet.java:728)\r\n	at org.apache.catalina.core.ApplicationFilterChain.internalDoFilter(ApplicationFilterChain.java:305)\r\n	at org.apache.catalina.core.ApplicationFilterChain.doFilter(ApplicationFilterChain.java:210)\r\n	at org.apache.tomcat.websocket.server.WsFilter.doFilter(WsFilter.java:51)\r\n	at org.apache.catalina.core.ApplicationFilterChain.internalDoFilter(ApplicationFilterChain.java:243)\r\n	at org.apache.catalina.core.ApplicationFilterChain.doFilter(ApplicationFilterChain.java:210)\r\n	at org.apache.catalina.core.StandardWrapperValve.invoke(StandardWrapperValve.java:222)\r\n	at org.apache.catalina.core.StandardContextValve.invoke(StandardContextValve.java:123)\r\n	at org.apache.catalina.authenticator.AuthenticatorBase.invoke(AuthenticatorBase.java:502)\r\n	at org.apache.catalina.core.StandardHostValve.invoke(StandardHostValve.java:171)\r\n	at org.apache.catalina.valves.ErrorReportValve.invoke(ErrorReportValve.java:100)\r\n	at org.apache.catalina.valves.AccessLogValve.invoke(AccessLogValve.java:953)\r\n	at org.apache.catalina.core.StandardEngineValve.invoke(StandardEngineValve.java:118)\r\n	at org.apache.catalina.connector.CoyoteAdapter.service(CoyoteAdapter.java:408)\r\n	at org.apache.coyote.http11.AbstractHttp11Processor.process(AbstractHttp11Processor.java:1041)\r\n	at org.apache.coyote.AbstractProtocol$AbstractConnectionHandler.process(AbstractProtocol.java:603)\r\n	at org.apache.tomcat.util.net.JIoEndpoint$SocketProcessor.run(JIoEndpoint.java:310)\r\n	at java.base/java.util.concurrent.ThreadPoolExecutor.runWorker(ThreadPoolExecutor.java:1130)\r\n	at java.base/java.util.concurrent.ThreadPoolExecutor$Worker.run(ThreadPoolExecutor.java:630)\r\n	at java.base/java.lang.Thread.run(Thread.java:832)\r\n','2021-12-02 00:00:00'),(8,'SEVERE','com.amazonaws.services.s3.model.AmazonS3Exception: Access Denied (Service: Amazon S3; Status Code: 403; Error Code: AccessDenied; Request ID: G4VRN65X3044CSF6; S3 Extended Request ID: cri9OgjRSGIgqZuVocK+MU0Ti7CtLi7HCIYYqdTQjfNu3ONDuD+DVmyWKrldB4HMuhtUIM19soM=; Proxy: null), S3 Extended Request ID: cri9OgjRSGIgqZuVocK+MU0Ti7CtLi7HCIYYqdTQjfNu3ONDuD+DVmyWKrldB4HMuhtUIM19soM=\r\n	at com.amazonaws.http.AmazonHttpClient$RequestExecutor.handleErrorResponse(AmazonHttpClient.java:1819)\r\n	at com.amazonaws.http.AmazonHttpClient$RequestExecutor.handleServiceErrorResponse(AmazonHttpClient.java:1403)\r\n	at com.amazonaws.http.AmazonHttpClient$RequestExecutor.executeOneRequest(AmazonHttpClient.java:1372)\r\n	at com.amazonaws.http.AmazonHttpClient$RequestExecutor.executeHelper(AmazonHttpClient.java:1145)\r\n	at com.amazonaws.http.AmazonHttpClient$RequestExecutor.doExecute(AmazonHttpClient.java:802)\r\n	at com.amazonaws.http.AmazonHttpClient$RequestExecutor.executeWithTimer(AmazonHttpClient.java:770)\r\n	at com.amazonaws.http.AmazonHttpClient$RequestExecutor.execute(AmazonHttpClient.java:744)\r\n	at com.amazonaws.http.AmazonHttpClient$RequestExecutor.access$500(AmazonHttpClient.java:704)\r\n	at com.amazonaws.http.AmazonHttpClient$RequestExecutionBuilderImpl.execute(AmazonHttpClient.java:686)\r\n	at com.amazonaws.http.AmazonHttpClient.execute(AmazonHttpClient.java:550)\r\n	at com.amazonaws.http.AmazonHttpClient.execute(AmazonHttpClient.java:530)\r\n	at com.amazonaws.services.s3.AmazonS3Client.invoke(AmazonS3Client.java:5445)\r\n	at com.amazonaws.services.s3.AmazonS3Client.invoke(AmazonS3Client.java:5392)\r\n	at com.amazonaws.services.s3.AmazonS3Client.deleteObject(AmazonS3Client.java:2294)\r\n	at com.amazonaws.services.s3.AmazonS3Client.deleteObject(AmazonS3Client.java:2278)\r\n	at servlets.ImagesServlet.doPost(ImagesServlet.java:85)\r\n	at javax.servlet.http.HttpServlet.service(HttpServlet.java:647)\r\n	at javax.servlet.http.HttpServlet.service(HttpServlet.java:728)\r\n	at org.apache.catalina.core.ApplicationFilterChain.internalDoFilter(ApplicationFilterChain.java:305)\r\n	at org.apache.catalina.core.ApplicationFilterChain.doFilter(ApplicationFilterChain.java:210)\r\n	at org.apache.tomcat.websocket.server.WsFilter.doFilter(WsFilter.java:51)\r\n	at org.apache.catalina.core.ApplicationFilterChain.internalDoFilter(ApplicationFilterChain.java:243)\r\n	at org.apache.catalina.core.ApplicationFilterChain.doFilter(ApplicationFilterChain.java:210)\r\n	at org.apache.catalina.core.StandardWrapperValve.invoke(StandardWrapperValve.java:222)\r\n	at org.apache.catalina.core.StandardContextValve.invoke(StandardContextValve.java:123)\r\n	at org.apache.catalina.authenticator.AuthenticatorBase.invoke(AuthenticatorBase.java:502)\r\n	at org.apache.catalina.core.StandardHostValve.invoke(StandardHostValve.java:171)\r\n	at org.apache.catalina.valves.ErrorReportValve.invoke(ErrorReportValve.java:100)\r\n	at org.apache.catalina.valves.AccessLogValve.invoke(AccessLogValve.java:953)\r\n	at org.apache.catalina.core.StandardEngineValve.invoke(StandardEngineValve.java:118)\r\n	at org.apache.catalina.connector.CoyoteAdapter.service(CoyoteAdapter.java:408)\r\n	at org.apache.coyote.http11.AbstractHttp11Processor.process(AbstractHttp11Processor.java:1041)\r\n	at org.apache.coyote.AbstractProtocol$AbstractConnectionHandler.process(AbstractProtocol.java:603)\r\n	at org.apache.tomcat.util.net.JIoEndpoint$SocketProcessor.run(JIoEndpoint.java:312)\r\n	at java.base/java.util.concurrent.ThreadPoolExecutor.runWorker(ThreadPoolExecutor.java:1130)\r\n	at java.base/java.util.concurrent.ThreadPoolExecutor$Worker.run(ThreadPoolExecutor.java:630)\r\n	at java.base/java.lang.Thread.run(Thread.java:832)\r\n','2021-12-02 00:00:00'),(9,'SEVERE','java.sql.SQLIntegrityConstraintViolationException: Cannot delete or update a parent row: a foreign key constraint fails (`biblioteca`.`lineasdeprestamo`, CONSTRAINT `fk_lineasdeprestamo_ejemplares` FOREIGN KEY (`id_ejemplar`) REFERENCES `ejemplares` (`id_ejemplar`) ON DELETE RESTRICT ON UPDATE CASCADE)\r\n	at com.mysql.cj.jdbc.exceptions.SQLError.createSQLException(SQLError.java:117)\r\n	at com.mysql.cj.jdbc.exceptions.SQLError.createSQLException(SQLError.java:97)\r\n	at com.mysql.cj.jdbc.exceptions.SQLExceptionsMapping.translateException(SQLExceptionsMapping.java:122)\r\n	at com.mysql.cj.jdbc.ClientPreparedStatement.executeInternal(ClientPreparedStatement.java:953)\r\n	at com.mysql.cj.jdbc.ClientPreparedStatement.executeUpdateInternal(ClientPreparedStatement.java:1092)\r\n	at com.mysql.cj.jdbc.ClientPreparedStatement.executeUpdateInternal(ClientPreparedStatement.java:1040)\r\n	at com.mysql.cj.jdbc.ClientPreparedStatement.executeLargeUpdate(ClientPreparedStatement.java:1347)\r\n	at com.mysql.cj.jdbc.ClientPreparedStatement.executeUpdate(ClientPreparedStatement.java:1025)\r\n	at data.EjemplarDAO.deleteLibro(EjemplarDAO.java:156)\r\n	at data.LibroDAO.eliminarEjemplares(LibroDAO.java:235)\r\n	at data.LibroDAO.delete(LibroDAO.java:217)\r\n	at logic.LibroLogic.delete(LibroLogic.java:84)\r\n	at servlets.ABMLibroServlet.doPost(ABMLibroServlet.java:100)\r\n	at javax.servlet.http.HttpServlet.service(HttpServlet.java:647)\r\n	at javax.servlet.http.HttpServlet.service(HttpServlet.java:728)\r\n	at org.apache.catalina.core.ApplicationFilterChain.internalDoFilter(ApplicationFilterChain.java:305)\r\n	at org.apache.catalina.core.ApplicationFilterChain.doFilter(ApplicationFilterChain.java:210)\r\n	at org.apache.tomcat.websocket.server.WsFilter.doFilter(WsFilter.java:51)\r\n	at org.apache.catalina.core.ApplicationFilterChain.internalDoFilter(ApplicationFilterChain.java:243)\r\n	at org.apache.catalina.core.ApplicationFilterChain.doFilter(ApplicationFilterChain.java:210)\r\n	at org.apache.catalina.core.ApplicationDispatcher.invoke(ApplicationDispatcher.java:749)\r\n	at org.apache.catalina.core.ApplicationDispatcher.processRequest(ApplicationDispatcher.java:487)\r\n	at org.apache.catalina.core.ApplicationDispatcher.doForward(ApplicationDispatcher.java:412)\r\n	at org.apache.catalina.core.ApplicationDispatcher.forward(ApplicationDispatcher.java:339)\r\n	at servlets.ImagesServlet.doPost(ImagesServlet.java:165)\r\n	at javax.servlet.http.HttpServlet.service(HttpServlet.java:647)\r\n	at javax.servlet.http.HttpServlet.service(HttpServlet.java:728)\r\n	at org.apache.catalina.core.ApplicationFilterChain.internalDoFilter(ApplicationFilterChain.java:305)\r\n	at org.apache.catalina.core.ApplicationFilterChain.doFilter(ApplicationFilterChain.java:210)\r\n	at org.apache.tomcat.websocket.server.WsFilter.doFilter(WsFilter.java:51)\r\n	at org.apache.catalina.core.ApplicationFilterChain.internalDoFilter(ApplicationFilterChain.java:243)\r\n	at org.apache.catalina.core.ApplicationFilterChain.doFilter(ApplicationFilterChain.java:210)\r\n	at org.apache.catalina.core.StandardWrapperValve.invoke(StandardWrapperValve.java:222)\r\n	at org.apache.catalina.core.StandardContextValve.invoke(StandardContextValve.java:123)\r\n	at org.apache.catalina.authenticator.AuthenticatorBase.invoke(AuthenticatorBase.java:502)\r\n	at org.apache.catalina.core.StandardHostValve.invoke(StandardHostValve.java:171)\r\n	at org.apache.catalina.valves.ErrorReportValve.invoke(ErrorReportValve.java:100)\r\n	at org.apache.catalina.valves.AccessLogValve.invoke(AccessLogValve.java:953)\r\n	at org.apache.catalina.core.StandardEngineValve.invoke(StandardEngineValve.java:118)\r\n	at org.apache.catalina.connector.CoyoteAdapter.service(CoyoteAdapter.java:408)\r\n	at org.apache.coyote.http11.AbstractHttp11Processor.process(AbstractHttp11Processor.java:1041)\r\n	at org.apache.coyote.AbstractProtocol$AbstractConnectionHandler.process(AbstractProtocol.java:603)\r\n	at org.apache.tomcat.util.net.JIoEndpoint$SocketProcessor.run(JIoEndpoint.java:312)\r\n	at java.base/java.util.concurrent.ThreadPoolExecutor.runWorker(ThreadPoolExecutor.java:1130)\r\n	at java.base/java.util.concurrent.ThreadPoolExecutor$Worker.run(ThreadPoolExecutor.java:630)\r\n	at java.base/java.lang.Thread.run(Thread.java:832)\r\n','2021-12-02 00:00:00'),(10,'SEVERE','com.amazonaws.services.s3.model.AmazonS3Exception: Access Denied (Service: Amazon S3; Status Code: 403; Error Code: AccessDenied; Request ID: H3SVCSPAG4EF1AX8; S3 Extended Request ID: SsGj6RvDpFJpiwpMd/CvpXqR9alVa/RVujB+lQT+NcU9yS+7RDrMbf3s/9HW+rkiSEatul59up8=; Proxy: null), S3 Extended Request ID: SsGj6RvDpFJpiwpMd/CvpXqR9alVa/RVujB+lQT+NcU9yS+7RDrMbf3s/9HW+rkiSEatul59up8=\r\n	at com.amazonaws.http.AmazonHttpClient$RequestExecutor.handleErrorResponse(AmazonHttpClient.java:1819)\r\n	at com.amazonaws.http.AmazonHttpClient$RequestExecutor.handleServiceErrorResponse(AmazonHttpClient.java:1403)\r\n	at com.amazonaws.http.AmazonHttpClient$RequestExecutor.executeOneRequest(AmazonHttpClient.java:1372)\r\n	at com.amazonaws.http.AmazonHttpClient$RequestExecutor.executeHelper(AmazonHttpClient.java:1145)\r\n	at com.amazonaws.http.AmazonHttpClient$RequestExecutor.doExecute(AmazonHttpClient.java:802)\r\n	at com.amazonaws.http.AmazonHttpClient$RequestExecutor.executeWithTimer(AmazonHttpClient.java:770)\r\n	at com.amazonaws.http.AmazonHttpClient$RequestExecutor.execute(AmazonHttpClient.java:744)\r\n	at com.amazonaws.http.AmazonHttpClient$RequestExecutor.access$500(AmazonHttpClient.java:704)\r\n	at com.amazonaws.http.AmazonHttpClient$RequestExecutionBuilderImpl.execute(AmazonHttpClient.java:686)\r\n	at com.amazonaws.http.AmazonHttpClient.execute(AmazonHttpClient.java:550)\r\n	at com.amazonaws.http.AmazonHttpClient.execute(AmazonHttpClient.java:530)\r\n	at com.amazonaws.services.s3.AmazonS3Client.invoke(AmazonS3Client.java:5445)\r\n	at com.amazonaws.services.s3.AmazonS3Client.invoke(AmazonS3Client.java:5392)\r\n	at com.amazonaws.services.s3.AmazonS3Client.deleteObject(AmazonS3Client.java:2294)\r\n	at com.amazonaws.services.s3.AmazonS3Client.deleteObject(AmazonS3Client.java:2278)\r\n	at servlets.ImagesServlet.doPost(ImagesServlet.java:85)\r\n	at javax.servlet.http.HttpServlet.service(HttpServlet.java:647)\r\n	at javax.servlet.http.HttpServlet.service(HttpServlet.java:728)\r\n	at org.apache.catalina.core.ApplicationFilterChain.internalDoFilter(ApplicationFilterChain.java:305)\r\n	at org.apache.catalina.core.ApplicationFilterChain.doFilter(ApplicationFilterChain.java:210)\r\n	at org.apache.tomcat.websocket.server.WsFilter.doFilter(WsFilter.java:51)\r\n	at org.apache.catalina.core.ApplicationFilterChain.internalDoFilter(ApplicationFilterChain.java:243)\r\n	at org.apache.catalina.core.ApplicationFilterChain.doFilter(ApplicationFilterChain.java:210)\r\n	at org.apache.catalina.core.StandardWrapperValve.invoke(StandardWrapperValve.java:222)\r\n	at org.apache.catalina.core.StandardContextValve.invoke(StandardContextValve.java:123)\r\n	at org.apache.catalina.authenticator.AuthenticatorBase.invoke(AuthenticatorBase.java:502)\r\n	at org.apache.catalina.core.StandardHostValve.invoke(StandardHostValve.java:171)\r\n	at org.apache.catalina.valves.ErrorReportValve.invoke(ErrorReportValve.java:100)\r\n	at org.apache.catalina.valves.AccessLogValve.invoke(AccessLogValve.java:953)\r\n	at org.apache.catalina.core.StandardEngineValve.invoke(StandardEngineValve.java:118)\r\n	at org.apache.catalina.connector.CoyoteAdapter.service(CoyoteAdapter.java:408)\r\n	at org.apache.coyote.http11.AbstractHttp11Processor.process(AbstractHttp11Processor.java:1041)\r\n	at org.apache.coyote.AbstractProtocol$AbstractConnectionHandler.process(AbstractProtocol.java:603)\r\n	at org.apache.tomcat.util.net.JIoEndpoint$SocketProcessor.run(JIoEndpoint.java:312)\r\n	at java.base/java.util.concurrent.ThreadPoolExecutor.runWorker(ThreadPoolExecutor.java:1130)\r\n	at java.base/java.util.concurrent.ThreadPoolExecutor$Worker.run(ThreadPoolExecutor.java:630)\r\n	at java.base/java.lang.Thread.run(Thread.java:832)\r\n','2021-12-02 00:00:00'),(11,'SEVERE','java.sql.SQLIntegrityConstraintViolationException: Cannot delete or update a parent row: a foreign key constraint fails (`biblioteca`.`lineasdeprestamo`, CONSTRAINT `fk_lineasdeprestamo_ejemplares` FOREIGN KEY (`id_ejemplar`) REFERENCES `ejemplares` (`id_ejemplar`) ON DELETE RESTRICT ON UPDATE CASCADE)\r\n	at com.mysql.cj.jdbc.exceptions.SQLError.createSQLException(SQLError.java:117)\r\n	at com.mysql.cj.jdbc.exceptions.SQLError.createSQLException(SQLError.java:97)\r\n	at com.mysql.cj.jdbc.exceptions.SQLExceptionsMapping.translateException(SQLExceptionsMapping.java:122)\r\n	at com.mysql.cj.jdbc.ClientPreparedStatement.executeInternal(ClientPreparedStatement.java:953)\r\n	at com.mysql.cj.jdbc.ClientPreparedStatement.executeUpdateInternal(ClientPreparedStatement.java:1092)\r\n	at com.mysql.cj.jdbc.ClientPreparedStatement.executeUpdateInternal(ClientPreparedStatement.java:1040)\r\n	at com.mysql.cj.jdbc.ClientPreparedStatement.executeLargeUpdate(ClientPreparedStatement.java:1347)\r\n	at com.mysql.cj.jdbc.ClientPreparedStatement.executeUpdate(ClientPreparedStatement.java:1025)\r\n	at data.EjemplarDAO.deleteLibro(EjemplarDAO.java:156)\r\n	at data.LibroDAO.eliminarEjemplares(LibroDAO.java:235)\r\n	at data.LibroDAO.delete(LibroDAO.java:217)\r\n	at logic.LibroLogic.delete(LibroLogic.java:84)\r\n	at servlets.ABMLibroServlet.doPost(ABMLibroServlet.java:100)\r\n	at javax.servlet.http.HttpServlet.service(HttpServlet.java:647)\r\n	at javax.servlet.http.HttpServlet.service(HttpServlet.java:728)\r\n	at org.apache.catalina.core.ApplicationFilterChain.internalDoFilter(ApplicationFilterChain.java:305)\r\n	at org.apache.catalina.core.ApplicationFilterChain.doFilter(ApplicationFilterChain.java:210)\r\n	at org.apache.tomcat.websocket.server.WsFilter.doFilter(WsFilter.java:51)\r\n	at org.apache.catalina.core.ApplicationFilterChain.internalDoFilter(ApplicationFilterChain.java:243)\r\n	at org.apache.catalina.core.ApplicationFilterChain.doFilter(ApplicationFilterChain.java:210)\r\n	at org.apache.catalina.core.ApplicationDispatcher.invoke(ApplicationDispatcher.java:749)\r\n	at org.apache.catalina.core.ApplicationDispatcher.processRequest(ApplicationDispatcher.java:487)\r\n	at org.apache.catalina.core.ApplicationDispatcher.doForward(ApplicationDispatcher.java:412)\r\n	at org.apache.catalina.core.ApplicationDispatcher.forward(ApplicationDispatcher.java:339)\r\n	at servlets.ImagesServlet.doPost(ImagesServlet.java:165)\r\n	at javax.servlet.http.HttpServlet.service(HttpServlet.java:647)\r\n	at javax.servlet.http.HttpServlet.service(HttpServlet.java:728)\r\n	at org.apache.catalina.core.ApplicationFilterChain.internalDoFilter(ApplicationFilterChain.java:305)\r\n	at org.apache.catalina.core.ApplicationFilterChain.doFilter(ApplicationFilterChain.java:210)\r\n	at org.apache.tomcat.websocket.server.WsFilter.doFilter(WsFilter.java:51)\r\n	at org.apache.catalina.core.ApplicationFilterChain.internalDoFilter(ApplicationFilterChain.java:243)\r\n	at org.apache.catalina.core.ApplicationFilterChain.doFilter(ApplicationFilterChain.java:210)\r\n	at org.apache.catalina.core.StandardWrapperValve.invoke(StandardWrapperValve.java:222)\r\n	at org.apache.catalina.core.StandardContextValve.invoke(StandardContextValve.java:123)\r\n	at org.apache.catalina.authenticator.AuthenticatorBase.invoke(AuthenticatorBase.java:502)\r\n	at org.apache.catalina.core.StandardHostValve.invoke(StandardHostValve.java:171)\r\n	at org.apache.catalina.valves.ErrorReportValve.invoke(ErrorReportValve.java:100)\r\n	at org.apache.catalina.valves.AccessLogValve.invoke(AccessLogValve.java:953)\r\n	at org.apache.catalina.core.StandardEngineValve.invoke(StandardEngineValve.java:118)\r\n	at org.apache.catalina.connector.CoyoteAdapter.service(CoyoteAdapter.java:408)\r\n	at org.apache.coyote.http11.AbstractHttp11Processor.process(AbstractHttp11Processor.java:1041)\r\n	at org.apache.coyote.AbstractProtocol$AbstractConnectionHandler.process(AbstractProtocol.java:603)\r\n	at org.apache.tomcat.util.net.JIoEndpoint$SocketProcessor.run(JIoEndpoint.java:312)\r\n	at java.base/java.util.concurrent.ThreadPoolExecutor.runWorker(ThreadPoolExecutor.java:1130)\r\n	at java.base/java.util.concurrent.ThreadPoolExecutor$Worker.run(ThreadPoolExecutor.java:630)\r\n	at java.base/java.lang.Thread.run(Thread.java:832)\r\n','2021-12-02 00:00:00'),(12,'SEVERE','com.amazonaws.services.s3.model.AmazonS3Exception: Access Denied (Service: Amazon S3; Status Code: 403; Error Code: AccessDenied; Request ID: 4MJ0M6V2J99ZFMBM; S3 Extended Request ID: LcNbR5Eu8MvcVYAq86WdtYiL6/XnBl89WsZ17hJhQafXpi6bjpZ1aWHhpSjWAQJ1TsUGf6eJoto=; Proxy: null), S3 Extended Request ID: LcNbR5Eu8MvcVYAq86WdtYiL6/XnBl89WsZ17hJhQafXpi6bjpZ1aWHhpSjWAQJ1TsUGf6eJoto=\r\n	at com.amazonaws.http.AmazonHttpClient$RequestExecutor.handleErrorResponse(AmazonHttpClient.java:1819)\r\n	at com.amazonaws.http.AmazonHttpClient$RequestExecutor.handleServiceErrorResponse(AmazonHttpClient.java:1403)\r\n	at com.amazonaws.http.AmazonHttpClient$RequestExecutor.executeOneRequest(AmazonHttpClient.java:1372)\r\n	at com.amazonaws.http.AmazonHttpClient$RequestExecutor.executeHelper(AmazonHttpClient.java:1145)\r\n	at com.amazonaws.http.AmazonHttpClient$RequestExecutor.doExecute(AmazonHttpClient.java:802)\r\n	at com.amazonaws.http.AmazonHttpClient$RequestExecutor.executeWithTimer(AmazonHttpClient.java:770)\r\n	at com.amazonaws.http.AmazonHttpClient$RequestExecutor.execute(AmazonHttpClient.java:744)\r\n	at com.amazonaws.http.AmazonHttpClient$RequestExecutor.access$500(AmazonHttpClient.java:704)\r\n	at com.amazonaws.http.AmazonHttpClient$RequestExecutionBuilderImpl.execute(AmazonHttpClient.java:686)\r\n	at com.amazonaws.http.AmazonHttpClient.execute(AmazonHttpClient.java:550)\r\n	at com.amazonaws.http.AmazonHttpClient.execute(AmazonHttpClient.java:530)\r\n	at com.amazonaws.services.s3.AmazonS3Client.invoke(AmazonS3Client.java:5445)\r\n	at com.amazonaws.services.s3.AmazonS3Client.invoke(AmazonS3Client.java:5392)\r\n	at com.amazonaws.services.s3.AmazonS3Client.deleteObject(AmazonS3Client.java:2294)\r\n	at com.amazonaws.services.s3.AmazonS3Client.deleteObject(AmazonS3Client.java:2278)\r\n	at servlets.ImagesServlet.doPost(ImagesServlet.java:85)\r\n	at javax.servlet.http.HttpServlet.service(HttpServlet.java:647)\r\n	at javax.servlet.http.HttpServlet.service(HttpServlet.java:728)\r\n	at org.apache.catalina.core.ApplicationFilterChain.internalDoFilter(ApplicationFilterChain.java:305)\r\n	at org.apache.catalina.core.ApplicationFilterChain.doFilter(ApplicationFilterChain.java:210)\r\n	at org.apache.tomcat.websocket.server.WsFilter.doFilter(WsFilter.java:51)\r\n	at org.apache.catalina.core.ApplicationFilterChain.internalDoFilter(ApplicationFilterChain.java:243)\r\n	at org.apache.catalina.core.ApplicationFilterChain.doFilter(ApplicationFilterChain.java:210)\r\n	at org.apache.catalina.core.StandardWrapperValve.invoke(StandardWrapperValve.java:222)\r\n	at org.apache.catalina.core.StandardContextValve.invoke(StandardContextValve.java:123)\r\n	at org.apache.catalina.authenticator.AuthenticatorBase.invoke(AuthenticatorBase.java:502)\r\n	at org.apache.catalina.core.StandardHostValve.invoke(StandardHostValve.java:171)\r\n	at org.apache.catalina.valves.ErrorReportValve.invoke(ErrorReportValve.java:100)\r\n	at org.apache.catalina.valves.AccessLogValve.invoke(AccessLogValve.java:953)\r\n	at org.apache.catalina.core.StandardEngineValve.invoke(StandardEngineValve.java:118)\r\n	at org.apache.catalina.connector.CoyoteAdapter.service(CoyoteAdapter.java:408)\r\n	at org.apache.coyote.http11.AbstractHttp11Processor.process(AbstractHttp11Processor.java:1041)\r\n	at org.apache.coyote.AbstractProtocol$AbstractConnectionHandler.process(AbstractProtocol.java:603)\r\n	at org.apache.tomcat.util.net.JIoEndpoint$SocketProcessor.run(JIoEndpoint.java:312)\r\n	at java.base/java.util.concurrent.ThreadPoolExecutor.runWorker(ThreadPoolExecutor.java:1130)\r\n	at java.base/java.util.concurrent.ThreadPoolExecutor$Worker.run(ThreadPoolExecutor.java:630)\r\n	at java.base/java.lang.Thread.run(Thread.java:832)\r\n','2021-12-02 00:00:00'),(13,'SEVERE','com.amazonaws.services.s3.model.AmazonS3Exception: Access Denied (Service: Amazon S3; Status Code: 403; Error Code: AccessDenied; Request ID: DFN42S66EYVB3SZS; S3 Extended Request ID: FMZC0vAhDfS2jH9A5W1/sds7xUt1/qv0NTzJLjCGM404hQL2GYiHz0REewV3WEUFy+jakWNYpIk=; Proxy: null), S3 Extended Request ID: FMZC0vAhDfS2jH9A5W1/sds7xUt1/qv0NTzJLjCGM404hQL2GYiHz0REewV3WEUFy+jakWNYpIk=\r\n	at com.amazonaws.http.AmazonHttpClient$RequestExecutor.handleErrorResponse(AmazonHttpClient.java:1819)\r\n	at com.amazonaws.http.AmazonHttpClient$RequestExecutor.handleServiceErrorResponse(AmazonHttpClient.java:1403)\r\n	at com.amazonaws.http.AmazonHttpClient$RequestExecutor.executeOneRequest(AmazonHttpClient.java:1372)\r\n	at com.amazonaws.http.AmazonHttpClient$RequestExecutor.executeHelper(AmazonHttpClient.java:1145)\r\n	at com.amazonaws.http.AmazonHttpClient$RequestExecutor.doExecute(AmazonHttpClient.java:802)\r\n	at com.amazonaws.http.AmazonHttpClient$RequestExecutor.executeWithTimer(AmazonHttpClient.java:770)\r\n	at com.amazonaws.http.AmazonHttpClient$RequestExecutor.execute(AmazonHttpClient.java:744)\r\n	at com.amazonaws.http.AmazonHttpClient$RequestExecutor.access$500(AmazonHttpClient.java:704)\r\n	at com.amazonaws.http.AmazonHttpClient$RequestExecutionBuilderImpl.execute(AmazonHttpClient.java:686)\r\n	at com.amazonaws.http.AmazonHttpClient.execute(AmazonHttpClient.java:550)\r\n	at com.amazonaws.http.AmazonHttpClient.execute(AmazonHttpClient.java:530)\r\n	at com.amazonaws.services.s3.AmazonS3Client.invoke(AmazonS3Client.java:5445)\r\n	at com.amazonaws.services.s3.AmazonS3Client.invoke(AmazonS3Client.java:5392)\r\n	at com.amazonaws.services.s3.AmazonS3Client.deleteObject(AmazonS3Client.java:2294)\r\n	at com.amazonaws.services.s3.AmazonS3Client.deleteObject(AmazonS3Client.java:2278)\r\n	at servlets.ImagesServlet.doPost(ImagesServlet.java:85)\r\n	at javax.servlet.http.HttpServlet.service(HttpServlet.java:647)\r\n	at javax.servlet.http.HttpServlet.service(HttpServlet.java:728)\r\n	at org.apache.catalina.core.ApplicationFilterChain.internalDoFilter(ApplicationFilterChain.java:305)\r\n	at org.apache.catalina.core.ApplicationFilterChain.doFilter(ApplicationFilterChain.java:210)\r\n	at org.apache.tomcat.websocket.server.WsFilter.doFilter(WsFilter.java:51)\r\n	at org.apache.catalina.core.ApplicationFilterChain.internalDoFilter(ApplicationFilterChain.java:243)\r\n	at org.apache.catalina.core.ApplicationFilterChain.doFilter(ApplicationFilterChain.java:210)\r\n	at org.apache.catalina.core.StandardWrapperValve.invoke(StandardWrapperValve.java:222)\r\n	at org.apache.catalina.core.StandardContextValve.invoke(StandardContextValve.java:123)\r\n	at org.apache.catalina.authenticator.AuthenticatorBase.invoke(AuthenticatorBase.java:502)\r\n	at org.apache.catalina.core.StandardHostValve.invoke(StandardHostValve.java:171)\r\n	at org.apache.catalina.valves.ErrorReportValve.invoke(ErrorReportValve.java:100)\r\n	at org.apache.catalina.valves.AccessLogValve.invoke(AccessLogValve.java:953)\r\n	at org.apache.catalina.core.StandardEngineValve.invoke(StandardEngineValve.java:118)\r\n	at org.apache.catalina.connector.CoyoteAdapter.service(CoyoteAdapter.java:408)\r\n	at org.apache.coyote.http11.AbstractHttp11Processor.process(AbstractHttp11Processor.java:1041)\r\n	at org.apache.coyote.AbstractProtocol$AbstractConnectionHandler.process(AbstractProtocol.java:603)\r\n	at org.apache.tomcat.util.net.JIoEndpoint$SocketProcessor.run(JIoEndpoint.java:312)\r\n	at java.base/java.util.concurrent.ThreadPoolExecutor.runWorker(ThreadPoolExecutor.java:1130)\r\n	at java.base/java.util.concurrent.ThreadPoolExecutor$Worker.run(ThreadPoolExecutor.java:630)\r\n	at java.base/java.lang.Thread.run(Thread.java:832)\r\n','2021-12-02 00:00:00'),(14,'SEVERE','java.sql.SQLIntegrityConstraintViolationException: Cannot delete or update a parent row: a foreign key constraint fails (`biblioteca`.`lineasdeprestamo`, CONSTRAINT `fk_lineasdeprestamo_ejemplares` FOREIGN KEY (`id_ejemplar`) REFERENCES `ejemplares` (`id_ejemplar`) ON DELETE RESTRICT ON UPDATE CASCADE)\r\n	at com.mysql.cj.jdbc.exceptions.SQLError.createSQLException(SQLError.java:117)\r\n	at com.mysql.cj.jdbc.exceptions.SQLError.createSQLException(SQLError.java:97)\r\n	at com.mysql.cj.jdbc.exceptions.SQLExceptionsMapping.translateException(SQLExceptionsMapping.java:122)\r\n	at com.mysql.cj.jdbc.ClientPreparedStatement.executeInternal(ClientPreparedStatement.java:953)\r\n	at com.mysql.cj.jdbc.ClientPreparedStatement.executeUpdateInternal(ClientPreparedStatement.java:1092)\r\n	at com.mysql.cj.jdbc.ClientPreparedStatement.executeUpdateInternal(ClientPreparedStatement.java:1040)\r\n	at com.mysql.cj.jdbc.ClientPreparedStatement.executeLargeUpdate(ClientPreparedStatement.java:1347)\r\n	at com.mysql.cj.jdbc.ClientPreparedStatement.executeUpdate(ClientPreparedStatement.java:1025)\r\n	at data.EjemplarDAO.deleteLibro(EjemplarDAO.java:156)\r\n	at data.LibroDAO.eliminarEjemplares(LibroDAO.java:235)\r\n	at data.LibroDAO.delete(LibroDAO.java:217)\r\n	at logic.LibroLogic.delete(LibroLogic.java:84)\r\n	at servlets.ABMLibroServlet.doPost(ABMLibroServlet.java:100)\r\n	at javax.servlet.http.HttpServlet.service(HttpServlet.java:647)\r\n	at javax.servlet.http.HttpServlet.service(HttpServlet.java:728)\r\n	at org.apache.catalina.core.ApplicationFilterChain.internalDoFilter(ApplicationFilterChain.java:305)\r\n	at org.apache.catalina.core.ApplicationFilterChain.doFilter(ApplicationFilterChain.java:210)\r\n	at org.apache.tomcat.websocket.server.WsFilter.doFilter(WsFilter.java:51)\r\n	at org.apache.catalina.core.ApplicationFilterChain.internalDoFilter(ApplicationFilterChain.java:243)\r\n	at org.apache.catalina.core.ApplicationFilterChain.doFilter(ApplicationFilterChain.java:210)\r\n	at org.apache.catalina.core.ApplicationDispatcher.invoke(ApplicationDispatcher.java:749)\r\n	at org.apache.catalina.core.ApplicationDispatcher.processRequest(ApplicationDispatcher.java:487)\r\n	at org.apache.catalina.core.ApplicationDispatcher.doForward(ApplicationDispatcher.java:412)\r\n	at org.apache.catalina.core.ApplicationDispatcher.forward(ApplicationDispatcher.java:339)\r\n	at servlets.ImagesServlet.doPost(ImagesServlet.java:165)\r\n	at javax.servlet.http.HttpServlet.service(HttpServlet.java:647)\r\n	at javax.servlet.http.HttpServlet.service(HttpServlet.java:728)\r\n	at org.apache.catalina.core.ApplicationFilterChain.internalDoFilter(ApplicationFilterChain.java:305)\r\n	at org.apache.catalina.core.ApplicationFilterChain.doFilter(ApplicationFilterChain.java:210)\r\n	at org.apache.tomcat.websocket.server.WsFilter.doFilter(WsFilter.java:51)\r\n	at org.apache.catalina.core.ApplicationFilterChain.internalDoFilter(ApplicationFilterChain.java:243)\r\n	at org.apache.catalina.core.ApplicationFilterChain.doFilter(ApplicationFilterChain.java:210)\r\n	at org.apache.catalina.core.StandardWrapperValve.invoke(StandardWrapperValve.java:222)\r\n	at org.apache.catalina.core.StandardContextValve.invoke(StandardContextValve.java:123)\r\n	at org.apache.catalina.authenticator.AuthenticatorBase.invoke(AuthenticatorBase.java:502)\r\n	at org.apache.catalina.core.StandardHostValve.invoke(StandardHostValve.java:171)\r\n	at org.apache.catalina.valves.ErrorReportValve.invoke(ErrorReportValve.java:100)\r\n	at org.apache.catalina.valves.AccessLogValve.invoke(AccessLogValve.java:953)\r\n	at org.apache.catalina.core.StandardEngineValve.invoke(StandardEngineValve.java:118)\r\n	at org.apache.catalina.connector.CoyoteAdapter.service(CoyoteAdapter.java:408)\r\n	at org.apache.coyote.http11.AbstractHttp11Processor.process(AbstractHttp11Processor.java:1041)\r\n	at org.apache.coyote.AbstractProtocol$AbstractConnectionHandler.process(AbstractProtocol.java:603)\r\n	at org.apache.tomcat.util.net.JIoEndpoint$SocketProcessor.run(JIoEndpoint.java:312)\r\n	at java.base/java.util.concurrent.ThreadPoolExecutor.runWorker(ThreadPoolExecutor.java:1130)\r\n	at java.base/java.util.concurrent.ThreadPoolExecutor$Worker.run(ThreadPoolExecutor.java:630)\r\n	at java.base/java.lang.Thread.run(Thread.java:832)\r\n','2021-12-02 00:00:00'),(15,'SEVERE','com.amazonaws.services.s3.model.AmazonS3Exception: Access Denied (Service: Amazon S3; Status Code: 403; Error Code: AccessDenied; Request ID: 24NKKVWX6BF3K8RZ; S3 Extended Request ID: MHB7644Uorj/H3Z2j5vbw1a+mi8Fb+oAW1Rk5D176cpFL9xVQhM2UXTs8sZFrJ+JBnBuPPbLU9E=; Proxy: null), S3 Extended Request ID: MHB7644Uorj/H3Z2j5vbw1a+mi8Fb+oAW1Rk5D176cpFL9xVQhM2UXTs8sZFrJ+JBnBuPPbLU9E=\r\n	at com.amazonaws.http.AmazonHttpClient$RequestExecutor.handleErrorResponse(AmazonHttpClient.java:1819)\r\n	at com.amazonaws.http.AmazonHttpClient$RequestExecutor.handleServiceErrorResponse(AmazonHttpClient.java:1403)\r\n	at com.amazonaws.http.AmazonHttpClient$RequestExecutor.executeOneRequest(AmazonHttpClient.java:1372)\r\n	at com.amazonaws.http.AmazonHttpClient$RequestExecutor.executeHelper(AmazonHttpClient.java:1145)\r\n	at com.amazonaws.http.AmazonHttpClient$RequestExecutor.doExecute(AmazonHttpClient.java:802)\r\n	at com.amazonaws.http.AmazonHttpClient$RequestExecutor.executeWithTimer(AmazonHttpClient.java:770)\r\n	at com.amazonaws.http.AmazonHttpClient$RequestExecutor.execute(AmazonHttpClient.java:744)\r\n	at com.amazonaws.http.AmazonHttpClient$RequestExecutor.access$500(AmazonHttpClient.java:704)\r\n	at com.amazonaws.http.AmazonHttpClient$RequestExecutionBuilderImpl.execute(AmazonHttpClient.java:686)\r\n	at com.amazonaws.http.AmazonHttpClient.execute(AmazonHttpClient.java:550)\r\n	at com.amazonaws.http.AmazonHttpClient.execute(AmazonHttpClient.java:530)\r\n	at com.amazonaws.services.s3.AmazonS3Client.invoke(AmazonS3Client.java:5445)\r\n	at com.amazonaws.services.s3.AmazonS3Client.invoke(AmazonS3Client.java:5392)\r\n	at com.amazonaws.services.s3.AmazonS3Client.deleteObject(AmazonS3Client.java:2294)\r\n	at com.amazonaws.services.s3.AmazonS3Client.deleteObject(AmazonS3Client.java:2278)\r\n	at servlets.ImagesServlet.doPost(ImagesServlet.java:85)\r\n	at javax.servlet.http.HttpServlet.service(HttpServlet.java:647)\r\n	at javax.servlet.http.HttpServlet.service(HttpServlet.java:728)\r\n	at org.apache.catalina.core.ApplicationFilterChain.internalDoFilter(ApplicationFilterChain.java:305)\r\n	at org.apache.catalina.core.ApplicationFilterChain.doFilter(ApplicationFilterChain.java:210)\r\n	at org.apache.tomcat.websocket.server.WsFilter.doFilter(WsFilter.java:51)\r\n	at org.apache.catalina.core.ApplicationFilterChain.internalDoFilter(ApplicationFilterChain.java:243)\r\n	at org.apache.catalina.core.ApplicationFilterChain.doFilter(ApplicationFilterChain.java:210)\r\n	at org.apache.catalina.core.StandardWrapperValve.invoke(StandardWrapperValve.java:222)\r\n	at org.apache.catalina.core.StandardContextValve.invoke(StandardContextValve.java:123)\r\n	at org.apache.catalina.authenticator.AuthenticatorBase.invoke(AuthenticatorBase.java:502)\r\n	at org.apache.catalina.core.StandardHostValve.invoke(StandardHostValve.java:171)\r\n	at org.apache.catalina.valves.ErrorReportValve.invoke(ErrorReportValve.java:100)\r\n	at org.apache.catalina.valves.AccessLogValve.invoke(AccessLogValve.java:953)\r\n	at org.apache.catalina.core.StandardEngineValve.invoke(StandardEngineValve.java:118)\r\n	at org.apache.catalina.connector.CoyoteAdapter.service(CoyoteAdapter.java:408)\r\n	at org.apache.coyote.http11.AbstractHttp11Processor.process(AbstractHttp11Processor.java:1041)\r\n	at org.apache.coyote.AbstractProtocol$AbstractConnectionHandler.process(AbstractProtocol.java:603)\r\n	at org.apache.tomcat.util.net.JIoEndpoint$SocketProcessor.run(JIoEndpoint.java:312)\r\n	at java.base/java.util.concurrent.ThreadPoolExecutor.runWorker(ThreadPoolExecutor.java:1130)\r\n	at java.base/java.util.concurrent.ThreadPoolExecutor$Worker.run(ThreadPoolExecutor.java:630)\r\n	at java.base/java.lang.Thread.run(Thread.java:832)\r\n','2021-12-02 00:00:00'),(16,'SEVERE','java.sql.SQLIntegrityConstraintViolationException: Cannot delete or update a parent row: a foreign key constraint fails (`biblioteca`.`lineasdeprestamo`, CONSTRAINT `fk_lineasdeprestamo_ejemplares` FOREIGN KEY (`id_ejemplar`) REFERENCES `ejemplares` (`id_ejemplar`) ON DELETE RESTRICT ON UPDATE CASCADE)\r\n	at com.mysql.cj.jdbc.exceptions.SQLError.createSQLException(SQLError.java:117)\r\n	at com.mysql.cj.jdbc.exceptions.SQLError.createSQLException(SQLError.java:97)\r\n	at com.mysql.cj.jdbc.exceptions.SQLExceptionsMapping.translateException(SQLExceptionsMapping.java:122)\r\n	at com.mysql.cj.jdbc.ClientPreparedStatement.executeInternal(ClientPreparedStatement.java:953)\r\n	at com.mysql.cj.jdbc.ClientPreparedStatement.executeUpdateInternal(ClientPreparedStatement.java:1092)\r\n	at com.mysql.cj.jdbc.ClientPreparedStatement.executeUpdateInternal(ClientPreparedStatement.java:1040)\r\n	at com.mysql.cj.jdbc.ClientPreparedStatement.executeLargeUpdate(ClientPreparedStatement.java:1347)\r\n	at com.mysql.cj.jdbc.ClientPreparedStatement.executeUpdate(ClientPreparedStatement.java:1025)\r\n	at data.EjemplarDAO.deleteLibro(EjemplarDAO.java:156)\r\n	at data.LibroDAO.eliminarEjemplares(LibroDAO.java:235)\r\n	at data.LibroDAO.delete(LibroDAO.java:217)\r\n	at logic.LibroLogic.delete(LibroLogic.java:84)\r\n	at servlets.ABMLibroServlet.doPost(ABMLibroServlet.java:100)\r\n	at javax.servlet.http.HttpServlet.service(HttpServlet.java:647)\r\n	at javax.servlet.http.HttpServlet.service(HttpServlet.java:728)\r\n	at org.apache.catalina.core.ApplicationFilterChain.internalDoFilter(ApplicationFilterChain.java:305)\r\n	at org.apache.catalina.core.ApplicationFilterChain.doFilter(ApplicationFilterChain.java:210)\r\n	at org.apache.tomcat.websocket.server.WsFilter.doFilter(WsFilter.java:51)\r\n	at org.apache.catalina.core.ApplicationFilterChain.internalDoFilter(ApplicationFilterChain.java:243)\r\n	at org.apache.catalina.core.ApplicationFilterChain.doFilter(ApplicationFilterChain.java:210)\r\n	at org.apache.catalina.core.ApplicationDispatcher.invoke(ApplicationDispatcher.java:749)\r\n	at org.apache.catalina.core.ApplicationDispatcher.processRequest(ApplicationDispatcher.java:487)\r\n	at org.apache.catalina.core.ApplicationDispatcher.doForward(ApplicationDispatcher.java:412)\r\n	at org.apache.catalina.core.ApplicationDispatcher.forward(ApplicationDispatcher.java:339)\r\n	at servlets.ImagesServlet.doPost(ImagesServlet.java:165)\r\n	at javax.servlet.http.HttpServlet.service(HttpServlet.java:647)\r\n	at javax.servlet.http.HttpServlet.service(HttpServlet.java:728)\r\n	at org.apache.catalina.core.ApplicationFilterChain.internalDoFilter(ApplicationFilterChain.java:305)\r\n	at org.apache.catalina.core.ApplicationFilterChain.doFilter(ApplicationFilterChain.java:210)\r\n	at org.apache.tomcat.websocket.server.WsFilter.doFilter(WsFilter.java:51)\r\n	at org.apache.catalina.core.ApplicationFilterChain.internalDoFilter(ApplicationFilterChain.java:243)\r\n	at org.apache.catalina.core.ApplicationFilterChain.doFilter(ApplicationFilterChain.java:210)\r\n	at org.apache.catalina.core.StandardWrapperValve.invoke(StandardWrapperValve.java:222)\r\n	at org.apache.catalina.core.StandardContextValve.invoke(StandardContextValve.java:123)\r\n	at org.apache.catalina.authenticator.AuthenticatorBase.invoke(AuthenticatorBase.java:502)\r\n	at org.apache.catalina.core.StandardHostValve.invoke(StandardHostValve.java:171)\r\n	at org.apache.catalina.valves.ErrorReportValve.invoke(ErrorReportValve.java:100)\r\n	at org.apache.catalina.valves.AccessLogValve.invoke(AccessLogValve.java:953)\r\n	at org.apache.catalina.core.StandardEngineValve.invoke(StandardEngineValve.java:118)\r\n	at org.apache.catalina.connector.CoyoteAdapter.service(CoyoteAdapter.java:408)\r\n	at org.apache.coyote.http11.AbstractHttp11Processor.process(AbstractHttp11Processor.java:1041)\r\n	at org.apache.coyote.AbstractProtocol$AbstractConnectionHandler.process(AbstractProtocol.java:603)\r\n	at org.apache.tomcat.util.net.JIoEndpoint$SocketProcessor.run(JIoEndpoint.java:312)\r\n	at java.base/java.util.concurrent.ThreadPoolExecutor.runWorker(ThreadPoolExecutor.java:1130)\r\n	at java.base/java.util.concurrent.ThreadPoolExecutor$Worker.run(ThreadPoolExecutor.java:630)\r\n	at java.base/java.lang.Thread.run(Thread.java:832)\r\n','2021-12-02 00:00:00'),(17,'SEVERE','com.amazonaws.services.s3.model.AmazonS3Exception: Access Denied (Service: Amazon S3; Status Code: 403; Error Code: AccessDenied; Request ID: DHRGCWZBTJGS19QM; S3 Extended Request ID: WI0K6vgCvm+88ZC357nhJl5zo8NmPTloHDbf8K+6W72ne1JAKFuVzCq3y4KO7GCVdP6bTmH1W0U=; Proxy: null), S3 Extended Request ID: WI0K6vgCvm+88ZC357nhJl5zo8NmPTloHDbf8K+6W72ne1JAKFuVzCq3y4KO7GCVdP6bTmH1W0U=\r\n	at com.amazonaws.http.AmazonHttpClient$RequestExecutor.handleErrorResponse(AmazonHttpClient.java:1819)\r\n	at com.amazonaws.http.AmazonHttpClient$RequestExecutor.handleServiceErrorResponse(AmazonHttpClient.java:1403)\r\n	at com.amazonaws.http.AmazonHttpClient$RequestExecutor.executeOneRequest(AmazonHttpClient.java:1372)\r\n	at com.amazonaws.http.AmazonHttpClient$RequestExecutor.executeHelper(AmazonHttpClient.java:1145)\r\n	at com.amazonaws.http.AmazonHttpClient$RequestExecutor.doExecute(AmazonHttpClient.java:802)\r\n	at com.amazonaws.http.AmazonHttpClient$RequestExecutor.executeWithTimer(AmazonHttpClient.java:770)\r\n	at com.amazonaws.http.AmazonHttpClient$RequestExecutor.execute(AmazonHttpClient.java:744)\r\n	at com.amazonaws.http.AmazonHttpClient$RequestExecutor.access$500(AmazonHttpClient.java:704)\r\n	at com.amazonaws.http.AmazonHttpClient$RequestExecutionBuilderImpl.execute(AmazonHttpClient.java:686)\r\n	at com.amazonaws.http.AmazonHttpClient.execute(AmazonHttpClient.java:550)\r\n	at com.amazonaws.http.AmazonHttpClient.execute(AmazonHttpClient.java:530)\r\n	at com.amazonaws.services.s3.AmazonS3Client.invoke(AmazonS3Client.java:5445)\r\n	at com.amazonaws.services.s3.AmazonS3Client.invoke(AmazonS3Client.java:5392)\r\n	at com.amazonaws.services.s3.AmazonS3Client.deleteObject(AmazonS3Client.java:2294)\r\n	at com.amazonaws.services.s3.AmazonS3Client.deleteObject(AmazonS3Client.java:2278)\r\n	at servlets.ImagesServlet.doPost(ImagesServlet.java:85)\r\n	at javax.servlet.http.HttpServlet.service(HttpServlet.java:647)\r\n	at javax.servlet.http.HttpServlet.service(HttpServlet.java:728)\r\n	at org.apache.catalina.core.ApplicationFilterChain.internalDoFilter(ApplicationFilterChain.java:305)\r\n	at org.apache.catalina.core.ApplicationFilterChain.doFilter(ApplicationFilterChain.java:210)\r\n	at org.apache.tomcat.websocket.server.WsFilter.doFilter(WsFilter.java:51)\r\n	at org.apache.catalina.core.ApplicationFilterChain.internalDoFilter(ApplicationFilterChain.java:243)\r\n	at org.apache.catalina.core.ApplicationFilterChain.doFilter(ApplicationFilterChain.java:210)\r\n	at org.apache.catalina.core.StandardWrapperValve.invoke(StandardWrapperValve.java:222)\r\n	at org.apache.catalina.core.StandardContextValve.invoke(StandardContextValve.java:123)\r\n	at org.apache.catalina.authenticator.AuthenticatorBase.invoke(AuthenticatorBase.java:502)\r\n	at org.apache.catalina.core.StandardHostValve.invoke(StandardHostValve.java:171)\r\n	at org.apache.catalina.valves.ErrorReportValve.invoke(ErrorReportValve.java:100)\r\n	at org.apache.catalina.valves.AccessLogValve.invoke(AccessLogValve.java:953)\r\n	at org.apache.catalina.core.StandardEngineValve.invoke(StandardEngineValve.java:118)\r\n	at org.apache.catalina.connector.CoyoteAdapter.service(CoyoteAdapter.java:408)\r\n	at org.apache.coyote.http11.AbstractHttp11Processor.process(AbstractHttp11Processor.java:1041)\r\n	at org.apache.coyote.AbstractProtocol$AbstractConnectionHandler.process(AbstractProtocol.java:603)\r\n	at org.apache.tomcat.util.net.JIoEndpoint$SocketProcessor.run(JIoEndpoint.java:312)\r\n	at java.base/java.util.concurrent.ThreadPoolExecutor.runWorker(ThreadPoolExecutor.java:1130)\r\n	at java.base/java.util.concurrent.ThreadPoolExecutor$Worker.run(ThreadPoolExecutor.java:630)\r\n	at java.base/java.lang.Thread.run(Thread.java:832)\r\n','2021-12-02 00:00:00'),(18,'SEVERE','java.sql.SQLIntegrityConstraintViolationException: Cannot delete or update a parent row: a foreign key constraint fails (`biblioteca`.`lineasdeprestamo`, CONSTRAINT `fk_lineasdeprestamo_ejemplares` FOREIGN KEY (`id_ejemplar`) REFERENCES `ejemplares` (`id_ejemplar`) ON DELETE RESTRICT ON UPDATE CASCADE)\r\n	at com.mysql.cj.jdbc.exceptions.SQLError.createSQLException(SQLError.java:117)\r\n	at com.mysql.cj.jdbc.exceptions.SQLError.createSQLException(SQLError.java:97)\r\n	at com.mysql.cj.jdbc.exceptions.SQLExceptionsMapping.translateException(SQLExceptionsMapping.java:122)\r\n	at com.mysql.cj.jdbc.ClientPreparedStatement.executeInternal(ClientPreparedStatement.java:953)\r\n	at com.mysql.cj.jdbc.ClientPreparedStatement.executeUpdateInternal(ClientPreparedStatement.java:1092)\r\n	at com.mysql.cj.jdbc.ClientPreparedStatement.executeUpdateInternal(ClientPreparedStatement.java:1040)\r\n	at com.mysql.cj.jdbc.ClientPreparedStatement.executeLargeUpdate(ClientPreparedStatement.java:1347)\r\n	at com.mysql.cj.jdbc.ClientPreparedStatement.executeUpdate(ClientPreparedStatement.java:1025)\r\n	at data.EjemplarDAO.deleteLibro(EjemplarDAO.java:156)\r\n	at data.LibroDAO.eliminarEjemplares(LibroDAO.java:235)\r\n	at data.LibroDAO.delete(LibroDAO.java:217)\r\n	at logic.LibroLogic.delete(LibroLogic.java:84)\r\n	at servlets.ABMLibroServlet.doPost(ABMLibroServlet.java:100)\r\n	at javax.servlet.http.HttpServlet.service(HttpServlet.java:647)\r\n	at javax.servlet.http.HttpServlet.service(HttpServlet.java:728)\r\n	at org.apache.catalina.core.ApplicationFilterChain.internalDoFilter(ApplicationFilterChain.java:305)\r\n	at org.apache.catalina.core.ApplicationFilterChain.doFilter(ApplicationFilterChain.java:210)\r\n	at org.apache.tomcat.websocket.server.WsFilter.doFilter(WsFilter.java:51)\r\n	at org.apache.catalina.core.ApplicationFilterChain.internalDoFilter(ApplicationFilterChain.java:243)\r\n	at org.apache.catalina.core.ApplicationFilterChain.doFilter(ApplicationFilterChain.java:210)\r\n	at org.apache.catalina.core.ApplicationDispatcher.invoke(ApplicationDispatcher.java:749)\r\n	at org.apache.catalina.core.ApplicationDispatcher.processRequest(ApplicationDispatcher.java:487)\r\n	at org.apache.catalina.core.ApplicationDispatcher.doForward(ApplicationDispatcher.java:412)\r\n	at org.apache.catalina.core.ApplicationDispatcher.forward(ApplicationDispatcher.java:339)\r\n	at servlets.ImagesServlet.doPost(ImagesServlet.java:165)\r\n	at javax.servlet.http.HttpServlet.service(HttpServlet.java:647)\r\n	at javax.servlet.http.HttpServlet.service(HttpServlet.java:728)\r\n	at org.apache.catalina.core.ApplicationFilterChain.internalDoFilter(ApplicationFilterChain.java:305)\r\n	at org.apache.catalina.core.ApplicationFilterChain.doFilter(ApplicationFilterChain.java:210)\r\n	at org.apache.tomcat.websocket.server.WsFilter.doFilter(WsFilter.java:51)\r\n	at org.apache.catalina.core.ApplicationFilterChain.internalDoFilter(ApplicationFilterChain.java:243)\r\n	at org.apache.catalina.core.ApplicationFilterChain.doFilter(ApplicationFilterChain.java:210)\r\n	at org.apache.catalina.core.StandardWrapperValve.invoke(StandardWrapperValve.java:222)\r\n	at org.apache.catalina.core.StandardContextValve.invoke(StandardContextValve.java:123)\r\n	at org.apache.catalina.authenticator.AuthenticatorBase.invoke(AuthenticatorBase.java:502)\r\n	at org.apache.catalina.core.StandardHostValve.invoke(StandardHostValve.java:171)\r\n	at org.apache.catalina.valves.ErrorReportValve.invoke(ErrorReportValve.java:100)\r\n	at org.apache.catalina.valves.AccessLogValve.invoke(AccessLogValve.java:953)\r\n	at org.apache.catalina.core.StandardEngineValve.invoke(StandardEngineValve.java:118)\r\n	at org.apache.catalina.connector.CoyoteAdapter.service(CoyoteAdapter.java:408)\r\n	at org.apache.coyote.http11.AbstractHttp11Processor.process(AbstractHttp11Processor.java:1041)\r\n	at org.apache.coyote.AbstractProtocol$AbstractConnectionHandler.process(AbstractProtocol.java:603)\r\n	at org.apache.tomcat.util.net.JIoEndpoint$SocketProcessor.run(JIoEndpoint.java:312)\r\n	at java.base/java.util.concurrent.ThreadPoolExecutor.runWorker(ThreadPoolExecutor.java:1130)\r\n	at java.base/java.util.concurrent.ThreadPoolExecutor$Worker.run(ThreadPoolExecutor.java:630)\r\n	at java.base/java.lang.Thread.run(Thread.java:832)\r\n','2021-12-02 00:00:00'),(19,'SEVERE','java.sql.SQLIntegrityConstraintViolationException: Cannot delete or update a parent row: a foreign key constraint fails (`biblioteca`.`lineasdeprestamo`, CONSTRAINT `fk_lineasdeprestamo_ejemplares` FOREIGN KEY (`id_ejemplar`) REFERENCES `ejemplares` (`id_ejemplar`) ON DELETE RESTRICT ON UPDATE CASCADE)\r\n	at com.mysql.cj.jdbc.exceptions.SQLError.createSQLException(SQLError.java:117)\r\n	at com.mysql.cj.jdbc.exceptions.SQLError.createSQLException(SQLError.java:97)\r\n	at com.mysql.cj.jdbc.exceptions.SQLExceptionsMapping.translateException(SQLExceptionsMapping.java:122)\r\n	at com.mysql.cj.jdbc.ClientPreparedStatement.executeInternal(ClientPreparedStatement.java:953)\r\n	at com.mysql.cj.jdbc.ClientPreparedStatement.executeUpdateInternal(ClientPreparedStatement.java:1092)\r\n	at com.mysql.cj.jdbc.ClientPreparedStatement.executeUpdateInternal(ClientPreparedStatement.java:1040)\r\n	at com.mysql.cj.jdbc.ClientPreparedStatement.executeLargeUpdate(ClientPreparedStatement.java:1347)\r\n	at com.mysql.cj.jdbc.ClientPreparedStatement.executeUpdate(ClientPreparedStatement.java:1025)\r\n	at data.EjemplarDAO.deleteLibro(EjemplarDAO.java:156)\r\n	at data.LibroDAO.eliminarEjemplares(LibroDAO.java:235)\r\n	at data.LibroDAO.delete(LibroDAO.java:217)\r\n	at logic.LibroLogic.delete(LibroLogic.java:84)\r\n	at servlets.ABMLibroServlet.doPost(ABMLibroServlet.java:100)\r\n	at javax.servlet.http.HttpServlet.service(HttpServlet.java:647)\r\n	at javax.servlet.http.HttpServlet.service(HttpServlet.java:728)\r\n	at org.apache.catalina.core.ApplicationFilterChain.internalDoFilter(ApplicationFilterChain.java:305)\r\n	at org.apache.catalina.core.ApplicationFilterChain.doFilter(ApplicationFilterChain.java:210)\r\n	at org.apache.tomcat.websocket.server.WsFilter.doFilter(WsFilter.java:51)\r\n	at org.apache.catalina.core.ApplicationFilterChain.internalDoFilter(ApplicationFilterChain.java:243)\r\n	at org.apache.catalina.core.ApplicationFilterChain.doFilter(ApplicationFilterChain.java:210)\r\n	at org.apache.catalina.core.StandardWrapperValve.invoke(StandardWrapperValve.java:222)\r\n	at org.apache.catalina.core.StandardContextValve.invoke(StandardContextValve.java:123)\r\n	at org.apache.catalina.authenticator.AuthenticatorBase.invoke(AuthenticatorBase.java:502)\r\n	at org.apache.catalina.core.StandardHostValve.invoke(StandardHostValve.java:171)\r\n	at org.apache.catalina.valves.ErrorReportValve.invoke(ErrorReportValve.java:100)\r\n	at org.apache.catalina.valves.AccessLogValve.invoke(AccessLogValve.java:953)\r\n	at org.apache.catalina.core.StandardEngineValve.invoke(StandardEngineValve.java:118)\r\n	at org.apache.catalina.connector.CoyoteAdapter.service(CoyoteAdapter.java:408)\r\n	at org.apache.coyote.http11.AbstractHttp11Processor.process(AbstractHttp11Processor.java:1041)\r\n	at org.apache.coyote.AbstractProtocol$AbstractConnectionHandler.process(AbstractProtocol.java:603)\r\n	at org.apache.tomcat.util.net.JIoEndpoint$SocketProcessor.run(JIoEndpoint.java:310)\r\n	at java.base/java.util.concurrent.ThreadPoolExecutor.runWorker(ThreadPoolExecutor.java:1130)\r\n	at java.base/java.util.concurrent.ThreadPoolExecutor$Worker.run(ThreadPoolExecutor.java:630)\r\n	at java.base/java.lang.Thread.run(Thread.java:832)\r\n','2021-12-02 00:00:00'),(20,'SEVERE','com.amazonaws.services.s3.model.AmazonS3Exception: Access Denied (Service: Amazon S3; Status Code: 403; Error Code: AccessDenied; Request ID: R0Y78WNYVC9WTZ7A; S3 Extended Request ID: ZL45MlE95lOyiyAWpexK31cT3Ur2GcoB18mvxtgAvrs/v/hwNh8G14trMcNR6bHXH5FQZTH05Jw=; Proxy: null), S3 Extended Request ID: ZL45MlE95lOyiyAWpexK31cT3Ur2GcoB18mvxtgAvrs/v/hwNh8G14trMcNR6bHXH5FQZTH05Jw=\r\n	at com.amazonaws.http.AmazonHttpClient$RequestExecutor.handleErrorResponse(AmazonHttpClient.java:1819)\r\n	at com.amazonaws.http.AmazonHttpClient$RequestExecutor.handleServiceErrorResponse(AmazonHttpClient.java:1403)\r\n	at com.amazonaws.http.AmazonHttpClient$RequestExecutor.executeOneRequest(AmazonHttpClient.java:1372)\r\n	at com.amazonaws.http.AmazonHttpClient$RequestExecutor.executeHelper(AmazonHttpClient.java:1145)\r\n	at com.amazonaws.http.AmazonHttpClient$RequestExecutor.doExecute(AmazonHttpClient.java:802)\r\n	at com.amazonaws.http.AmazonHttpClient$RequestExecutor.executeWithTimer(AmazonHttpClient.java:770)\r\n	at com.amazonaws.http.AmazonHttpClient$RequestExecutor.execute(AmazonHttpClient.java:744)\r\n	at com.amazonaws.http.AmazonHttpClient$RequestExecutor.access$500(AmazonHttpClient.java:704)\r\n	at com.amazonaws.http.AmazonHttpClient$RequestExecutionBuilderImpl.execute(AmazonHttpClient.java:686)\r\n	at com.amazonaws.http.AmazonHttpClient.execute(AmazonHttpClient.java:550)\r\n	at com.amazonaws.http.AmazonHttpClient.execute(AmazonHttpClient.java:530)\r\n	at com.amazonaws.services.s3.AmazonS3Client.invoke(AmazonS3Client.java:5445)\r\n	at com.amazonaws.services.s3.AmazonS3Client.invoke(AmazonS3Client.java:5392)\r\n	at com.amazonaws.services.s3.AmazonS3Client.deleteObject(AmazonS3Client.java:2294)\r\n	at com.amazonaws.services.s3.AmazonS3Client.deleteObject(AmazonS3Client.java:2278)\r\n	at servlets.ImagesServlet.doPost(ImagesServlet.java:85)\r\n	at javax.servlet.http.HttpServlet.service(HttpServlet.java:647)\r\n	at javax.servlet.http.HttpServlet.service(HttpServlet.java:728)\r\n	at org.apache.catalina.core.ApplicationFilterChain.internalDoFilter(ApplicationFilterChain.java:305)\r\n	at org.apache.catalina.core.ApplicationFilterChain.doFilter(ApplicationFilterChain.java:210)\r\n	at org.apache.tomcat.websocket.server.WsFilter.doFilter(WsFilter.java:51)\r\n	at org.apache.catalina.core.ApplicationFilterChain.internalDoFilter(ApplicationFilterChain.java:243)\r\n	at org.apache.catalina.core.ApplicationFilterChain.doFilter(ApplicationFilterChain.java:210)\r\n	at org.apache.catalina.core.StandardWrapperValve.invoke(StandardWrapperValve.java:222)\r\n	at org.apache.catalina.core.StandardContextValve.invoke(StandardContextValve.java:123)\r\n	at org.apache.catalina.authenticator.AuthenticatorBase.invoke(AuthenticatorBase.java:502)\r\n	at org.apache.catalina.core.StandardHostValve.invoke(StandardHostValve.java:171)\r\n	at org.apache.catalina.valves.ErrorReportValve.invoke(ErrorReportValve.java:100)\r\n	at org.apache.catalina.valves.AccessLogValve.invoke(AccessLogValve.java:953)\r\n	at org.apache.catalina.core.StandardEngineValve.invoke(StandardEngineValve.java:118)\r\n	at org.apache.catalina.connector.CoyoteAdapter.service(CoyoteAdapter.java:408)\r\n	at org.apache.coyote.http11.AbstractHttp11Processor.process(AbstractHttp11Processor.java:1041)\r\n	at org.apache.coyote.AbstractProtocol$AbstractConnectionHandler.process(AbstractProtocol.java:603)\r\n	at org.apache.tomcat.util.net.JIoEndpoint$SocketProcessor.run(JIoEndpoint.java:312)\r\n	at java.base/java.util.concurrent.ThreadPoolExecutor.runWorker(ThreadPoolExecutor.java:1130)\r\n	at java.base/java.util.concurrent.ThreadPoolExecutor$Worker.run(ThreadPoolExecutor.java:630)\r\n	at java.base/java.lang.Thread.run(Thread.java:832)\r\n','2021-12-02 00:00:00'),(21,'SEVERE','java.sql.SQLIntegrityConstraintViolationException: Cannot delete or update a parent row: a foreign key constraint fails (`biblioteca`.`lineasdeprestamo`, CONSTRAINT `fk_lineasdeprestamo_ejemplares` FOREIGN KEY (`id_ejemplar`) REFERENCES `ejemplares` (`id_ejemplar`) ON DELETE RESTRICT ON UPDATE CASCADE)\r\n	at com.mysql.cj.jdbc.exceptions.SQLError.createSQLException(SQLError.java:117)\r\n	at com.mysql.cj.jdbc.exceptions.SQLError.createSQLException(SQLError.java:97)\r\n	at com.mysql.cj.jdbc.exceptions.SQLExceptionsMapping.translateException(SQLExceptionsMapping.java:122)\r\n	at com.mysql.cj.jdbc.ClientPreparedStatement.executeInternal(ClientPreparedStatement.java:953)\r\n	at com.mysql.cj.jdbc.ClientPreparedStatement.executeUpdateInternal(ClientPreparedStatement.java:1092)\r\n	at com.mysql.cj.jdbc.ClientPreparedStatement.executeUpdateInternal(ClientPreparedStatement.java:1040)\r\n	at com.mysql.cj.jdbc.ClientPreparedStatement.executeLargeUpdate(ClientPreparedStatement.java:1347)\r\n	at com.mysql.cj.jdbc.ClientPreparedStatement.executeUpdate(ClientPreparedStatement.java:1025)\r\n	at data.EjemplarDAO.deleteLibro(EjemplarDAO.java:156)\r\n	at data.LibroDAO.eliminarEjemplares(LibroDAO.java:235)\r\n	at data.LibroDAO.delete(LibroDAO.java:217)\r\n	at logic.LibroLogic.delete(LibroLogic.java:84)\r\n	at servlets.ABMLibroServlet.doPost(ABMLibroServlet.java:100)\r\n	at javax.servlet.http.HttpServlet.service(HttpServlet.java:647)\r\n	at javax.servlet.http.HttpServlet.service(HttpServlet.java:728)\r\n	at org.apache.catalina.core.ApplicationFilterChain.internalDoFilter(ApplicationFilterChain.java:305)\r\n	at org.apache.catalina.core.ApplicationFilterChain.doFilter(ApplicationFilterChain.java:210)\r\n	at org.apache.tomcat.websocket.server.WsFilter.doFilter(WsFilter.java:51)\r\n	at org.apache.catalina.core.ApplicationFilterChain.internalDoFilter(ApplicationFilterChain.java:243)\r\n	at org.apache.catalina.core.ApplicationFilterChain.doFilter(ApplicationFilterChain.java:210)\r\n	at org.apache.catalina.core.StandardWrapperValve.invoke(StandardWrapperValve.java:222)\r\n	at org.apache.catalina.core.StandardContextValve.invoke(StandardContextValve.java:123)\r\n	at org.apache.catalina.authenticator.AuthenticatorBase.invoke(AuthenticatorBase.java:502)\r\n	at org.apache.catalina.core.StandardHostValve.invoke(StandardHostValve.java:171)\r\n	at org.apache.catalina.valves.ErrorReportValve.invoke(ErrorReportValve.java:100)\r\n	at org.apache.catalina.valves.AccessLogValve.invoke(AccessLogValve.java:953)\r\n	at org.apache.catalina.core.StandardEngineValve.invoke(StandardEngineValve.java:118)\r\n	at org.apache.catalina.connector.CoyoteAdapter.service(CoyoteAdapter.java:408)\r\n	at org.apache.coyote.http11.AbstractHttp11Processor.process(AbstractHttp11Processor.java:1041)\r\n	at org.apache.coyote.AbstractProtocol$AbstractConnectionHandler.process(AbstractProtocol.java:603)\r\n	at org.apache.tomcat.util.net.JIoEndpoint$SocketProcessor.run(JIoEndpoint.java:312)\r\n	at java.base/java.util.concurrent.ThreadPoolExecutor.runWorker(ThreadPoolExecutor.java:1130)\r\n	at java.base/java.util.concurrent.ThreadPoolExecutor$Worker.run(ThreadPoolExecutor.java:630)\r\n	at java.base/java.lang.Thread.run(Thread.java:832)\r\n','2021-12-02 00:00:00'),(22,'SEVERE','java.sql.SQLSyntaxErrorException: You have an error in your SQL syntax; check the manual that corresponds to your MySQL server version for the right syntax to use near \'r.entregada = 0 AND lr.id_libro = 14 AND \'2021-12-02\' BETWEEN r.fecha_reserva AN\' at line 1\r\n	at com.mysql.cj.jdbc.exceptions.SQLError.createSQLException(SQLError.java:120)\r\n	at com.mysql.cj.jdbc.exceptions.SQLError.createSQLException(SQLError.java:97)\r\n	at com.mysql.cj.jdbc.exceptions.SQLExceptionsMapping.translateException(SQLExceptionsMapping.java:122)\r\n	at com.mysql.cj.jdbc.ClientPreparedStatement.executeInternal(ClientPreparedStatement.java:953)\r\n	at com.mysql.cj.jdbc.ClientPreparedStatement.executeQuery(ClientPreparedStatement.java:1003)\r\n	at data.LibroDAO.getFechasDisponible(LibroDAO.java:274)\r\n	at logic.LibroLogic.getFechasDisponible(LibroLogic.java:111)\r\n	at servlets.FinalizarReservaServlet.doGet(FinalizarReservaServlet.java:49)\r\n	at javax.servlet.http.HttpServlet.service(HttpServlet.java:621)\r\n	at javax.servlet.http.HttpServlet.service(HttpServlet.java:728)\r\n	at org.apache.catalina.core.ApplicationFilterChain.internalDoFilter(ApplicationFilterChain.java:305)\r\n	at org.apache.catalina.core.ApplicationFilterChain.doFilter(ApplicationFilterChain.java:210)\r\n	at org.apache.tomcat.websocket.server.WsFilter.doFilter(WsFilter.java:51)\r\n	at org.apache.catalina.core.ApplicationFilterChain.internalDoFilter(ApplicationFilterChain.java:243)\r\n	at org.apache.catalina.core.ApplicationFilterChain.doFilter(ApplicationFilterChain.java:210)\r\n	at org.apache.catalina.core.StandardWrapperValve.invoke(StandardWrapperValve.java:222)\r\n	at org.apache.catalina.core.StandardContextValve.invoke(StandardContextValve.java:123)\r\n	at org.apache.catalina.authenticator.AuthenticatorBase.invoke(AuthenticatorBase.java:502)\r\n	at org.apache.catalina.core.StandardHostValve.invoke(StandardHostValve.java:171)\r\n	at org.apache.catalina.valves.ErrorReportValve.invoke(ErrorReportValve.java:100)\r\n	at org.apache.catalina.valves.AccessLogValve.invoke(AccessLogValve.java:953)\r\n	at org.apache.catalina.core.StandardEngineValve.invoke(StandardEngineValve.java:118)\r\n	at org.apache.catalina.connector.CoyoteAdapter.service(CoyoteAdapter.java:408)\r\n	at org.apache.coyote.http11.AbstractHttp11Processor.process(AbstractHttp11Processor.java:1041)\r\n	at org.apache.coyote.AbstractProtocol$AbstractConnectionHandler.process(AbstractProtocol.java:603)\r\n	at org.apache.tomcat.util.net.JIoEndpoint$SocketProcessor.run(JIoEndpoint.java:312)\r\n	at java.base/java.util.concurrent.ThreadPoolExecutor.runWorker(ThreadPoolExecutor.java:1130)\r\n	at java.base/java.util.concurrent.ThreadPoolExecutor$Worker.run(ThreadPoolExecutor.java:630)\r\n	at java.base/java.lang.Thread.run(Thread.java:832)\r\n','2021-12-02 00:00:00'),(23,'SEVERE','java.sql.SQLSyntaxErrorException: You have an error in your SQL syntax; check the manual that corresponds to your MySQL server version for the right syntax to use near \'r.entregada = FALSE AND lr.id_libro = 14 AND \'2021-12-02\' BETWEEN r.fecha_reserv\' at line 1\r\n	at com.mysql.cj.jdbc.exceptions.SQLError.createSQLException(SQLError.java:120)\r\n	at com.mysql.cj.jdbc.exceptions.SQLError.createSQLException(SQLError.java:97)\r\n	at com.mysql.cj.jdbc.exceptions.SQLExceptionsMapping.translateException(SQLExceptionsMapping.java:122)\r\n	at com.mysql.cj.jdbc.ClientPreparedStatement.executeInternal(ClientPreparedStatement.java:953)\r\n	at com.mysql.cj.jdbc.ClientPreparedStatement.executeQuery(ClientPreparedStatement.java:1003)\r\n	at data.LibroDAO.getFechasDisponible(LibroDAO.java:274)\r\n	at logic.LibroLogic.getFechasDisponible(LibroLogic.java:111)\r\n	at servlets.FinalizarReservaServlet.doGet(FinalizarReservaServlet.java:49)\r\n	at javax.servlet.http.HttpServlet.service(HttpServlet.java:621)\r\n	at javax.servlet.http.HttpServlet.service(HttpServlet.java:728)\r\n	at org.apache.catalina.core.ApplicationFilterChain.internalDoFilter(ApplicationFilterChain.java:305)\r\n	at org.apache.catalina.core.ApplicationFilterChain.doFilter(ApplicationFilterChain.java:210)\r\n	at org.apache.tomcat.websocket.server.WsFilter.doFilter(WsFilter.java:51)\r\n	at org.apache.catalina.core.ApplicationFilterChain.internalDoFilter(ApplicationFilterChain.java:243)\r\n	at org.apache.catalina.core.ApplicationFilterChain.doFilter(ApplicationFilterChain.java:210)\r\n	at org.apache.catalina.core.StandardWrapperValve.invoke(StandardWrapperValve.java:222)\r\n	at org.apache.catalina.core.StandardContextValve.invoke(StandardContextValve.java:123)\r\n	at org.apache.catalina.authenticator.AuthenticatorBase.invoke(AuthenticatorBase.java:502)\r\n	at org.apache.catalina.core.StandardHostValve.invoke(StandardHostValve.java:171)\r\n	at org.apache.catalina.valves.ErrorReportValve.invoke(ErrorReportValve.java:100)\r\n	at org.apache.catalina.valves.AccessLogValve.invoke(AccessLogValve.java:953)\r\n	at org.apache.catalina.core.StandardEngineValve.invoke(StandardEngineValve.java:118)\r\n	at org.apache.catalina.connector.CoyoteAdapter.service(CoyoteAdapter.java:408)\r\n	at org.apache.coyote.http11.AbstractHttp11Processor.process(AbstractHttp11Processor.java:1041)\r\n	at org.apache.coyote.AbstractProtocol$AbstractConnectionHandler.process(AbstractProtocol.java:603)\r\n	at org.apache.tomcat.util.net.JIoEndpoint$SocketProcessor.run(JIoEndpoint.java:312)\r\n	at java.base/java.util.concurrent.ThreadPoolExecutor.runWorker(ThreadPoolExecutor.java:1130)\r\n	at java.base/java.util.concurrent.ThreadPoolExecutor$Worker.run(ThreadPoolExecutor.java:630)\r\n	at java.base/java.lang.Thread.run(Thread.java:832)\r\n','2021-12-02 00:00:00'),(24,'SEVERE','java.sql.SQLIntegrityConstraintViolationException: Cannot delete or update a parent row: a foreign key constraint fails (`biblioteca`.`lineasdeprestamo`, CONSTRAINT `fk_lineasdeprestamo_ejemplares` FOREIGN KEY (`id_ejemplar`) REFERENCES `ejemplares` (`id_ejemplar`) ON DELETE RESTRICT ON UPDATE CASCADE)\r\n	at com.mysql.cj.jdbc.exceptions.SQLError.createSQLException(SQLError.java:117)\r\n	at com.mysql.cj.jdbc.exceptions.SQLError.createSQLException(SQLError.java:97)\r\n	at com.mysql.cj.jdbc.exceptions.SQLExceptionsMapping.translateException(SQLExceptionsMapping.java:122)\r\n	at com.mysql.cj.jdbc.ClientPreparedStatement.executeInternal(ClientPreparedStatement.java:953)\r\n	at com.mysql.cj.jdbc.ClientPreparedStatement.executeUpdateInternal(ClientPreparedStatement.java:1092)\r\n	at com.mysql.cj.jdbc.ClientPreparedStatement.executeUpdateInternal(ClientPreparedStatement.java:1040)\r\n	at com.mysql.cj.jdbc.ClientPreparedStatement.executeLargeUpdate(ClientPreparedStatement.java:1347)\r\n	at com.mysql.cj.jdbc.ClientPreparedStatement.executeUpdate(ClientPreparedStatement.java:1025)\r\n	at data.EjemplarDAO.delete(EjemplarDAO.java:66)\r\n	at logic.EjemplarLogic.delete(EjemplarLogic.java:64)\r\n	at servlets.ABMEjemplarServlet.doPost(ABMEjemplarServlet.java:109)\r\n	at javax.servlet.http.HttpServlet.service(HttpServlet.java:647)\r\n	at javax.servlet.http.HttpServlet.service(HttpServlet.java:728)\r\n	at org.apache.catalina.core.ApplicationFilterChain.internalDoFilter(ApplicationFilterChain.java:305)\r\n	at org.apache.catalina.core.ApplicationFilterChain.doFilter(ApplicationFilterChain.java:210)\r\n	at org.apache.tomcat.websocket.server.WsFilter.doFilter(WsFilter.java:51)\r\n	at org.apache.catalina.core.ApplicationFilterChain.internalDoFilter(ApplicationFilterChain.java:243)\r\n	at org.apache.catalina.core.ApplicationFilterChain.doFilter(ApplicationFilterChain.java:210)\r\n	at org.apache.catalina.core.StandardWrapperValve.invoke(StandardWrapperValve.java:222)\r\n	at org.apache.catalina.core.StandardContextValve.invoke(StandardContextValve.java:123)\r\n	at org.apache.catalina.authenticator.AuthenticatorBase.invoke(AuthenticatorBase.java:502)\r\n	at org.apache.catalina.core.StandardHostValve.invoke(StandardHostValve.java:171)\r\n	at org.apache.catalina.valves.ErrorReportValve.invoke(ErrorReportValve.java:100)\r\n	at org.apache.catalina.valves.AccessLogValve.invoke(AccessLogValve.java:953)\r\n	at org.apache.catalina.core.StandardEngineValve.invoke(StandardEngineValve.java:118)\r\n	at org.apache.catalina.connector.CoyoteAdapter.service(CoyoteAdapter.java:408)\r\n	at org.apache.coyote.http11.AbstractHttp11Processor.process(AbstractHttp11Processor.java:1041)\r\n	at org.apache.coyote.AbstractProtocol$AbstractConnectionHandler.process(AbstractProtocol.java:603)\r\n	at org.apache.tomcat.util.net.JIoEndpoint$SocketProcessor.run(JIoEndpoint.java:312)\r\n	at java.base/java.util.concurrent.ThreadPoolExecutor.runWorker(ThreadPoolExecutor.java:1130)\r\n	at java.base/java.util.concurrent.ThreadPoolExecutor$Worker.run(ThreadPoolExecutor.java:630)\r\n	at java.base/java.lang.Thread.run(Thread.java:832)\r\n','2021-12-02 00:00:00'),(25,'SEVERE','java.sql.SQLIntegrityConstraintViolationException: Cannot delete or update a parent row: a foreign key constraint fails (`biblioteca`.`lineasdeprestamo`, CONSTRAINT `fk_lineasdeprestamo_ejemplares` FOREIGN KEY (`id_ejemplar`) REFERENCES `ejemplares` (`id_ejemplar`) ON DELETE RESTRICT ON UPDATE CASCADE)\r\n	at com.mysql.cj.jdbc.exceptions.SQLError.createSQLException(SQLError.java:117)\r\n	at com.mysql.cj.jdbc.exceptions.SQLError.createSQLException(SQLError.java:97)\r\n	at com.mysql.cj.jdbc.exceptions.SQLExceptionsMapping.translateException(SQLExceptionsMapping.java:122)\r\n	at com.mysql.cj.jdbc.ClientPreparedStatement.executeInternal(ClientPreparedStatement.java:953)\r\n	at com.mysql.cj.jdbc.ClientPreparedStatement.executeUpdateInternal(ClientPreparedStatement.java:1092)\r\n	at com.mysql.cj.jdbc.ClientPreparedStatement.executeUpdateInternal(ClientPreparedStatement.java:1040)\r\n	at com.mysql.cj.jdbc.ClientPreparedStatement.executeLargeUpdate(ClientPreparedStatement.java:1347)\r\n	at com.mysql.cj.jdbc.ClientPreparedStatement.executeUpdate(ClientPreparedStatement.java:1025)\r\n	at data.EjemplarDAO.delete(EjemplarDAO.java:66)\r\n	at logic.EjemplarLogic.delete(EjemplarLogic.java:64)\r\n	at servlets.ABMEjemplarServlet.doPost(ABMEjemplarServlet.java:109)\r\n	at javax.servlet.http.HttpServlet.service(HttpServlet.java:647)\r\n	at javax.servlet.http.HttpServlet.service(HttpServlet.java:728)\r\n	at org.apache.catalina.core.ApplicationFilterChain.internalDoFilter(ApplicationFilterChain.java:305)\r\n	at org.apache.catalina.core.ApplicationFilterChain.doFilter(ApplicationFilterChain.java:210)\r\n	at org.apache.tomcat.websocket.server.WsFilter.doFilter(WsFilter.java:51)\r\n	at org.apache.catalina.core.ApplicationFilterChain.internalDoFilter(ApplicationFilterChain.java:243)\r\n	at org.apache.catalina.core.ApplicationFilterChain.doFilter(ApplicationFilterChain.java:210)\r\n	at org.apache.catalina.core.StandardWrapperValve.invoke(StandardWrapperValve.java:222)\r\n	at org.apache.catalina.core.StandardContextValve.invoke(StandardContextValve.java:123)\r\n	at org.apache.catalina.authenticator.AuthenticatorBase.invoke(AuthenticatorBase.java:502)\r\n	at org.apache.catalina.core.StandardHostValve.invoke(StandardHostValve.java:171)\r\n	at org.apache.catalina.valves.ErrorReportValve.invoke(ErrorReportValve.java:100)\r\n	at org.apache.catalina.valves.AccessLogValve.invoke(AccessLogValve.java:953)\r\n	at org.apache.catalina.core.StandardEngineValve.invoke(StandardEngineValve.java:118)\r\n	at org.apache.catalina.connector.CoyoteAdapter.service(CoyoteAdapter.java:408)\r\n	at org.apache.coyote.http11.AbstractHttp11Processor.process(AbstractHttp11Processor.java:1041)\r\n	at org.apache.coyote.AbstractProtocol$AbstractConnectionHandler.process(AbstractProtocol.java:603)\r\n	at org.apache.tomcat.util.net.JIoEndpoint$SocketProcessor.run(JIoEndpoint.java:312)\r\n	at java.base/java.util.concurrent.ThreadPoolExecutor.runWorker(ThreadPoolExecutor.java:1130)\r\n	at java.base/java.util.concurrent.ThreadPoolExecutor$Worker.run(ThreadPoolExecutor.java:630)\r\n	at java.base/java.lang.Thread.run(Thread.java:832)\r\n','2021-12-02 00:00:00'),(26,'SEVERE','java.sql.SQLIntegrityConstraintViolationException: Cannot delete or update a parent row: a foreign key constraint fails (`biblioteca`.`lineasdeprestamo`, CONSTRAINT `fk_lineasdeprestamo_ejemplares` FOREIGN KEY (`id_ejemplar`) REFERENCES `ejemplares` (`id_ejemplar`) ON DELETE RESTRICT ON UPDATE CASCADE)\r\n	at com.mysql.cj.jdbc.exceptions.SQLError.createSQLException(SQLError.java:117)\r\n	at com.mysql.cj.jdbc.exceptions.SQLError.createSQLException(SQLError.java:97)\r\n	at com.mysql.cj.jdbc.exceptions.SQLExceptionsMapping.translateException(SQLExceptionsMapping.java:122)\r\n	at com.mysql.cj.jdbc.ClientPreparedStatement.executeInternal(ClientPreparedStatement.java:953)\r\n	at com.mysql.cj.jdbc.ClientPreparedStatement.executeUpdateInternal(ClientPreparedStatement.java:1092)\r\n	at com.mysql.cj.jdbc.ClientPreparedStatement.executeUpdateInternal(ClientPreparedStatement.java:1040)\r\n	at com.mysql.cj.jdbc.ClientPreparedStatement.executeLargeUpdate(ClientPreparedStatement.java:1347)\r\n	at com.mysql.cj.jdbc.ClientPreparedStatement.executeUpdate(ClientPreparedStatement.java:1025)\r\n	at data.EjemplarDAO.delete(EjemplarDAO.java:66)\r\n	at logic.EjemplarLogic.delete(EjemplarLogic.java:64)\r\n	at servlets.ABMEjemplarServlet.doPost(ABMEjemplarServlet.java:109)\r\n	at javax.servlet.http.HttpServlet.service(HttpServlet.java:647)\r\n	at javax.servlet.http.HttpServlet.service(HttpServlet.java:728)\r\n	at org.apache.catalina.core.ApplicationFilterChain.internalDoFilter(ApplicationFilterChain.java:305)\r\n	at org.apache.catalina.core.ApplicationFilterChain.doFilter(ApplicationFilterChain.java:210)\r\n	at org.apache.tomcat.websocket.server.WsFilter.doFilter(WsFilter.java:51)\r\n	at org.apache.catalina.core.ApplicationFilterChain.internalDoFilter(ApplicationFilterChain.java:243)\r\n	at org.apache.catalina.core.ApplicationFilterChain.doFilter(ApplicationFilterChain.java:210)\r\n	at org.apache.catalina.core.StandardWrapperValve.invoke(StandardWrapperValve.java:222)\r\n	at org.apache.catalina.core.StandardContextValve.invoke(StandardContextValve.java:123)\r\n	at org.apache.catalina.authenticator.AuthenticatorBase.invoke(AuthenticatorBase.java:502)\r\n	at org.apache.catalina.core.StandardHostValve.invoke(StandardHostValve.java:171)\r\n	at org.apache.catalina.valves.ErrorReportValve.invoke(ErrorReportValve.java:100)\r\n	at org.apache.catalina.valves.AccessLogValve.invoke(AccessLogValve.java:953)\r\n	at org.apache.catalina.core.StandardEngineValve.invoke(StandardEngineValve.java:118)\r\n	at org.apache.catalina.connector.CoyoteAdapter.service(CoyoteAdapter.java:408)\r\n	at org.apache.coyote.http11.AbstractHttp11Processor.process(AbstractHttp11Processor.java:1041)\r\n	at org.apache.coyote.AbstractProtocol$AbstractConnectionHandler.process(AbstractProtocol.java:603)\r\n	at org.apache.tomcat.util.net.JIoEndpoint$SocketProcessor.run(JIoEndpoint.java:312)\r\n	at java.base/java.util.concurrent.ThreadPoolExecutor.runWorker(ThreadPoolExecutor.java:1130)\r\n	at java.base/java.util.concurrent.ThreadPoolExecutor$Worker.run(ThreadPoolExecutor.java:630)\r\n	at java.base/java.lang.Thread.run(Thread.java:832)\r\n','2021-12-02 00:00:00'),(27,'SEVERE','java.sql.SQLIntegrityConstraintViolationException: Cannot delete or update a parent row: a foreign key constraint fails (`biblioteca`.`lineasdeprestamo`, CONSTRAINT `fk_lineasdeprestamo_ejemplares` FOREIGN KEY (`id_ejemplar`) REFERENCES `ejemplares` (`id_ejemplar`) ON DELETE RESTRICT ON UPDATE CASCADE)\r\n	at com.mysql.cj.jdbc.exceptions.SQLError.createSQLException(SQLError.java:117)\r\n	at com.mysql.cj.jdbc.exceptions.SQLError.createSQLException(SQLError.java:97)\r\n	at com.mysql.cj.jdbc.exceptions.SQLExceptionsMapping.translateException(SQLExceptionsMapping.java:122)\r\n	at com.mysql.cj.jdbc.ClientPreparedStatement.executeInternal(ClientPreparedStatement.java:953)\r\n	at com.mysql.cj.jdbc.ClientPreparedStatement.executeUpdateInternal(ClientPreparedStatement.java:1092)\r\n	at com.mysql.cj.jdbc.ClientPreparedStatement.executeUpdateInternal(ClientPreparedStatement.java:1040)\r\n	at com.mysql.cj.jdbc.ClientPreparedStatement.executeLargeUpdate(ClientPreparedStatement.java:1347)\r\n	at com.mysql.cj.jdbc.ClientPreparedStatement.executeUpdate(ClientPreparedStatement.java:1025)\r\n	at data.EjemplarDAO.delete(EjemplarDAO.java:66)\r\n	at logic.EjemplarLogic.delete(EjemplarLogic.java:64)\r\n	at servlets.ABMEjemplarServlet.doPost(ABMEjemplarServlet.java:109)\r\n	at javax.servlet.http.HttpServlet.service(HttpServlet.java:647)\r\n	at javax.servlet.http.HttpServlet.service(HttpServlet.java:728)\r\n	at org.apache.catalina.core.ApplicationFilterChain.internalDoFilter(ApplicationFilterChain.java:305)\r\n	at org.apache.catalina.core.ApplicationFilterChain.doFilter(ApplicationFilterChain.java:210)\r\n	at org.apache.tomcat.websocket.server.WsFilter.doFilter(WsFilter.java:51)\r\n	at org.apache.catalina.core.ApplicationFilterChain.internalDoFilter(ApplicationFilterChain.java:243)\r\n	at org.apache.catalina.core.ApplicationFilterChain.doFilter(ApplicationFilterChain.java:210)\r\n	at org.apache.catalina.core.StandardWrapperValve.invoke(StandardWrapperValve.java:222)\r\n	at org.apache.catalina.core.StandardContextValve.invoke(StandardContextValve.java:123)\r\n	at org.apache.catalina.authenticator.AuthenticatorBase.invoke(AuthenticatorBase.java:502)\r\n	at org.apache.catalina.core.StandardHostValve.invoke(StandardHostValve.java:171)\r\n	at org.apache.catalina.valves.ErrorReportValve.invoke(ErrorReportValve.java:100)\r\n	at org.apache.catalina.valves.AccessLogValve.invoke(AccessLogValve.java:953)\r\n	at org.apache.catalina.core.StandardEngineValve.invoke(StandardEngineValve.java:118)\r\n	at org.apache.catalina.connector.CoyoteAdapter.service(CoyoteAdapter.java:408)\r\n	at org.apache.coyote.http11.AbstractHttp11Processor.process(AbstractHttp11Processor.java:1041)\r\n	at org.apache.coyote.AbstractProtocol$AbstractConnectionHandler.process(AbstractProtocol.java:603)\r\n	at org.apache.tomcat.util.net.JIoEndpoint$SocketProcessor.run(JIoEndpoint.java:312)\r\n	at java.base/java.util.concurrent.ThreadPoolExecutor.runWorker(ThreadPoolExecutor.java:1130)\r\n	at java.base/java.util.concurrent.ThreadPoolExecutor$Worker.run(ThreadPoolExecutor.java:630)\r\n	at java.base/java.lang.Thread.run(Thread.java:832)\r\n','2021-12-02 00:00:00'),(28,'SEVERE','java.sql.SQLException: No operations allowed after statement closed.\r\n	at com.mysql.cj.jdbc.exceptions.SQLError.createSQLException(SQLError.java:129)\r\n	at com.mysql.cj.jdbc.exceptions.SQLError.createSQLException(SQLError.java:97)\r\n	at com.mysql.cj.jdbc.exceptions.SQLError.createSQLException(SQLError.java:89)\r\n	at com.mysql.cj.jdbc.exceptions.SQLError.createSQLException(SQLError.java:63)\r\n	at com.mysql.cj.jdbc.exceptions.SQLError.createSQLException(SQLError.java:73)\r\n	at com.mysql.cj.jdbc.exceptions.SQLExceptionsMapping.translateException(SQLExceptionsMapping.java:82)\r\n	at com.mysql.cj.jdbc.ClientPreparedStatement.checkBounds(ClientPreparedStatement.java:1381)\r\n	at com.mysql.cj.jdbc.ClientPreparedStatement.getCoreParameterIndex(ClientPreparedStatement.java:1385)\r\n	at com.mysql.cj.jdbc.ClientPreparedStatement.setObject(ClientPreparedStatement.java:1669)\r\n	at data.ReservaDAO.getFechasDisponible(ReservaDAO.java:378)\r\n	at logic.ReservaLogic.getFechasDisponible(ReservaLogic.java:110)\r\n	at servlets.FinalizarReservaServlet.doGet(FinalizarReservaServlet.java:49)\r\n	at servlets.FinalizarReservaServlet.doPost(FinalizarReservaServlet.java:162)\r\n	at javax.servlet.http.HttpServlet.service(HttpServlet.java:647)\r\n	at javax.servlet.http.HttpServlet.service(HttpServlet.java:728)\r\n	at org.apache.catalina.core.ApplicationFilterChain.internalDoFilter(ApplicationFilterChain.java:305)\r\n	at org.apache.catalina.core.ApplicationFilterChain.doFilter(ApplicationFilterChain.java:210)\r\n	at org.apache.tomcat.websocket.server.WsFilter.doFilter(WsFilter.java:51)\r\n	at org.apache.catalina.core.ApplicationFilterChain.internalDoFilter(ApplicationFilterChain.java:243)\r\n	at org.apache.catalina.core.ApplicationFilterChain.doFilter(ApplicationFilterChain.java:210)\r\n	at org.apache.catalina.core.StandardWrapperValve.invoke(StandardWrapperValve.java:222)\r\n	at org.apache.catalina.core.StandardContextValve.invoke(StandardContextValve.java:123)\r\n	at org.apache.catalina.authenticator.AuthenticatorBase.invoke(AuthenticatorBase.java:502)\r\n	at org.apache.catalina.core.StandardHostValve.invoke(StandardHostValve.java:171)\r\n	at org.apache.catalina.valves.ErrorReportValve.invoke(ErrorReportValve.java:100)\r\n	at org.apache.catalina.valves.AccessLogValve.invoke(AccessLogValve.java:953)\r\n	at org.apache.catalina.core.StandardEngineValve.invoke(StandardEngineValve.java:118)\r\n	at org.apache.catalina.connector.CoyoteAdapter.service(CoyoteAdapter.java:408)\r\n	at org.apache.coyote.http11.AbstractHttp11Processor.process(AbstractHttp11Processor.java:1041)\r\n	at org.apache.coyote.AbstractProtocol$AbstractConnectionHandler.process(AbstractProtocol.java:603)\r\n	at org.apache.tomcat.util.net.JIoEndpoint$SocketProcessor.run(JIoEndpoint.java:312)\r\n	at java.base/java.util.concurrent.ThreadPoolExecutor.runWorker(ThreadPoolExecutor.java:1130)\r\n	at java.base/java.util.concurrent.ThreadPoolExecutor$Worker.run(ThreadPoolExecutor.java:630)\r\n	at java.base/java.lang.Thread.run(Thread.java:832)\r\nCaused by: com.mysql.cj.exceptions.StatementIsClosedException: No operations allowed after statement closed.\r\n	at java.base/jdk.internal.reflect.NativeConstructorAccessorImpl.newInstance0(Native Method)\r\n	at java.base/jdk.internal.reflect.NativeConstructorAccessorImpl.newInstance(NativeConstructorAccessorImpl.java:64)\r\n	at java.base/jdk.internal.reflect.DelegatingConstructorAccessorImpl.newInstance(DelegatingConstructorAccessorImpl.java:45)\r\n	at java.base/java.lang.reflect.Constructor.newInstanceWithCaller(Constructor.java:500)\r\n	at java.base/java.lang.reflect.Constructor.newInstance(Constructor.java:481)\r\n	at com.mysql.cj.exceptions.ExceptionFactory.createException(ExceptionFactory.java:61)\r\n	at com.mysql.cj.exceptions.ExceptionFactory.createException(ExceptionFactory.java:85)\r\n	at com.mysql.cj.jdbc.StatementImpl.checkClosed(StatementImpl.java:340)\r\n	at com.mysql.cj.jdbc.ClientPreparedStatement.checkBounds(ClientPreparedStatement.java:1367)\r\n	... 27 more\r\n','2021-12-04 00:00:00'),(29,'SEVERE','java.sql.SQLNonTransientConnectionException: No operations allowed after connection closed.\r\n	at com.mysql.cj.jdbc.exceptions.SQLError.createSQLException(SQLError.java:110)\r\n	at com.mysql.cj.jdbc.exceptions.SQLError.createSQLException(SQLError.java:97)\r\n	at com.mysql.cj.jdbc.exceptions.SQLError.createSQLException(SQLError.java:89)\r\n	at com.mysql.cj.jdbc.exceptions.SQLError.createSQLException(SQLError.java:63)\r\n	at com.mysql.cj.jdbc.exceptions.SQLError.createSQLException(SQLError.java:73)\r\n	at com.mysql.cj.jdbc.exceptions.SQLExceptionsMapping.translateException(SQLExceptionsMapping.java:73)\r\n	at com.mysql.cj.jdbc.ConnectionImpl.prepareStatement(ConnectionImpl.java:1659)\r\n	at com.mysql.cj.jdbc.ConnectionImpl.prepareStatement(ConnectionImpl.java:1575)\r\n	at data.ReservaDAO.getFechasDisponible(ReservaDAO.java:359)\r\n	at logic.ReservaLogic.getFechasDisponible(ReservaLogic.java:92)\r\n	at servlets.FinalizarReservaServlet.doGet(FinalizarReservaServlet.java:54)\r\n	at javax.servlet.http.HttpServlet.service(HttpServlet.java:621)\r\n	at javax.servlet.http.HttpServlet.service(HttpServlet.java:728)\r\n	at org.apache.catalina.core.ApplicationFilterChain.internalDoFilter(ApplicationFilterChain.java:305)\r\n	at org.apache.catalina.core.ApplicationFilterChain.doFilter(ApplicationFilterChain.java:210)\r\n	at org.apache.tomcat.websocket.server.WsFilter.doFilter(WsFilter.java:51)\r\n	at org.apache.catalina.core.ApplicationFilterChain.internalDoFilter(ApplicationFilterChain.java:243)\r\n	at org.apache.catalina.core.ApplicationFilterChain.doFilter(ApplicationFilterChain.java:210)\r\n	at org.apache.catalina.core.StandardWrapperValve.invoke(StandardWrapperValve.java:222)\r\n	at org.apache.catalina.core.StandardContextValve.invoke(StandardContextValve.java:123)\r\n	at org.apache.catalina.authenticator.AuthenticatorBase.invoke(AuthenticatorBase.java:502)\r\n	at org.apache.catalina.core.StandardHostValve.invoke(StandardHostValve.java:171)\r\n	at org.apache.catalina.valves.ErrorReportValve.invoke(ErrorReportValve.java:100)\r\n	at org.apache.catalina.valves.AccessLogValve.invoke(AccessLogValve.java:953)\r\n	at org.apache.catalina.core.StandardEngineValve.invoke(StandardEngineValve.java:118)\r\n	at org.apache.catalina.connector.CoyoteAdapter.service(CoyoteAdapter.java:408)\r\n	at org.apache.coyote.http11.AbstractHttp11Processor.process(AbstractHttp11Processor.java:1041)\r\n	at org.apache.coyote.AbstractProtocol$AbstractConnectionHandler.process(AbstractProtocol.java:603)\r\n	at org.apache.tomcat.util.net.JIoEndpoint$SocketProcessor.run(JIoEndpoint.java:312)\r\n	at java.base/java.util.concurrent.ThreadPoolExecutor.runWorker(ThreadPoolExecutor.java:1130)\r\n	at java.base/java.util.concurrent.ThreadPoolExecutor$Worker.run(ThreadPoolExecutor.java:630)\r\n	at java.base/java.lang.Thread.run(Thread.java:832)\r\nCaused by: com.mysql.cj.exceptions.ConnectionIsClosedException: No operations allowed after connection closed.\r\n	at java.base/jdk.internal.reflect.NativeConstructorAccessorImpl.newInstance0(Native Method)\r\n	at java.base/jdk.internal.reflect.NativeConstructorAccessorImpl.newInstance(NativeConstructorAccessorImpl.java:64)\r\n	at java.base/jdk.internal.reflect.DelegatingConstructorAccessorImpl.newInstance(DelegatingConstructorAccessorImpl.java:45)\r\n	at java.base/java.lang.reflect.Constructor.newInstanceWithCaller(Constructor.java:500)\r\n	at java.base/java.lang.reflect.Constructor.newInstance(Constructor.java:481)\r\n	at com.mysql.cj.exceptions.ExceptionFactory.createException(ExceptionFactory.java:61)\r\n	at com.mysql.cj.exceptions.ExceptionFactory.createException(ExceptionFactory.java:105)\r\n	at com.mysql.cj.exceptions.ExceptionFactory.createException(ExceptionFactory.java:151)\r\n	at com.mysql.cj.NativeSession.checkClosed(NativeSession.java:1171)\r\n	at com.mysql.cj.jdbc.ConnectionImpl.checkClosed(ConnectionImpl.java:576)\r\n	at com.mysql.cj.jdbc.ConnectionImpl.prepareStatement(ConnectionImpl.java:1590)\r\n	... 25 more\r\n','2021-12-04 00:00:00');
/*!40000 ALTER TABLE `logs` ENABLE KEYS */;
UNLOCK TABLES;

--
-- Table structure for table `politicaprestamo`
--

DROP TABLE IF EXISTS `politicaprestamo`;
/*!40101 SET @saved_cs_client     = @@character_set_client */;
/*!50503 SET character_set_client = utf8mb4 */;
CREATE TABLE `politicaprestamo` (
  `idpoliticaprestamo` int NOT NULL AUTO_INCREMENT,
  `cant_max_libros_pend` int NOT NULL,
  `fecha_politica_prestamo` datetime NOT NULL,
  `cant_dias_prestamo` int NOT NULL,
  PRIMARY KEY (`idpoliticaprestamo`)
) ENGINE=InnoDB AUTO_INCREMENT=15 DEFAULT CHARSET=utf8mb4 COLLATE=utf8mb4_general_ci;
/*!40101 SET character_set_client = @saved_cs_client */;

--
-- Dumping data for table `politicaprestamo`
--

LOCK TABLES `politicaprestamo` WRITE;
/*!40000 ALTER TABLE `politicaprestamo` DISABLE KEYS */;
INSERT INTO `politicaprestamo` VALUES (1,3,'2010-02-17 00:00:00',4),(10,2,'2015-04-15 00:00:00',3),(11,4,'2019-09-18 00:00:00',5),(12,5,'2021-04-10 00:00:00',5),(13,2,'2021-10-14 00:00:00',4);
/*!40000 ALTER TABLE `politicaprestamo` ENABLE KEYS */;
UNLOCK TABLES;

--
-- Table structure for table `politicasancion`
--

DROP TABLE IF EXISTS `politicasancion`;
/*!40101 SET @saved_cs_client     = @@character_set_client */;
/*!50503 SET character_set_client = utf8mb4 */;
CREATE TABLE `politicasancion` (
  `id_politicasancion` int NOT NULL AUTO_INCREMENT,
  `dias_atraso_desde` int NOT NULL,
  `dias_atraso_hasta` int NOT NULL,
  `dias_sancion` int NOT NULL,
  PRIMARY KEY (`id_politicasancion`)
) ENGINE=InnoDB AUTO_INCREMENT=5 DEFAULT CHARSET=utf8mb4 COLLATE=utf8mb4_general_ci;
/*!40101 SET character_set_client = @saved_cs_client */;

--
-- Dumping data for table `politicasancion`
--

LOCK TABLES `politicasancion` WRITE;
/*!40000 ALTER TABLE `politicasancion` DISABLE KEYS */;
INSERT INTO `politicasancion` VALUES (1,1,5,3),(2,6,10,5),(3,11,15,7),(4,16,20,10);
/*!40000 ALTER TABLE `politicasancion` ENABLE KEYS */;
UNLOCK TABLES;

--
-- Table structure for table `prestamos`
--

DROP TABLE IF EXISTS `prestamos`;
/*!40101 SET @saved_cs_client     = @@character_set_client */;
/*!50503 SET character_set_client = utf8mb4 */;
CREATE TABLE `prestamos` (
  `id_prestamo` int NOT NULL AUTO_INCREMENT,
  `fecha_prestamo` date NOT NULL,
  `dias_prestamo` int NOT NULL,
  `estado` tinyint(1) NOT NULL,
  `id_socio` int NOT NULL,
  `fecha_devolucion` date DEFAULT NULL,
  PRIMARY KEY (`id_prestamo`),
  KEY `fk_prestamos_socios_idx` (`id_socio`),
  CONSTRAINT `fk_prestamos_socios` FOREIGN KEY (`id_socio`) REFERENCES `socios` (`id_socio`) ON DELETE RESTRICT ON UPDATE CASCADE
) ENGINE=InnoDB AUTO_INCREMENT=11 DEFAULT CHARSET=utf8mb4 COLLATE=utf8mb4_general_ci;
/*!40101 SET character_set_client = @saved_cs_client */;

--
-- Dumping data for table `prestamos`
--

LOCK TABLES `prestamos` WRITE;
/*!40000 ALTER TABLE `prestamos` DISABLE KEYS */;
INSERT INTO `prestamos` VALUES (5,'2021-10-11',5,2,1,'2021-10-11'),(6,'2021-10-16',4,2,1,'2021-11-25'),(7,'2021-11-25',4,2,4,'2021-12-02'),(8,'2021-11-25',4,2,1,'2021-11-28'),(9,'2021-12-02',4,2,1,'2021-12-02'),(10,'2021-12-02',4,0,1,NULL);
/*!40000 ALTER TABLE `prestamos` ENABLE KEYS */;
UNLOCK TABLES;

--
-- Table structure for table `reservas`
--

DROP TABLE IF EXISTS `reservas`;
/*!40101 SET @saved_cs_client     = @@character_set_client */;
/*!50503 SET character_set_client = utf8mb4 */;
CREATE TABLE `reservas` (
  `id_reserva` int NOT NULL AUTO_INCREMENT,
  `fecha_reserva` date NOT NULL,
  `entregada` bit(1) NOT NULL,
  `id_socio` int NOT NULL,
  PRIMARY KEY (`id_reserva`),
  KEY `fk_reservas_socios_idx` (`id_socio`),
  CONSTRAINT `fk_reservas_socios` FOREIGN KEY (`id_socio`) REFERENCES `socios` (`id_socio`) ON DELETE RESTRICT ON UPDATE CASCADE
) ENGINE=InnoDB AUTO_INCREMENT=45 DEFAULT CHARSET=utf8mb4 COLLATE=utf8mb4_general_ci;
/*!40101 SET character_set_client = @saved_cs_client */;

--
-- Dumping data for table `reservas`
--

LOCK TABLES `reservas` WRITE;
/*!40000 ALTER TABLE `reservas` DISABLE KEYS */;
INSERT INTO `reservas` VALUES (7,'2021-10-14',_binary '',1),(9,'2021-10-23',_binary '',4),(11,'2021-10-30',_binary '',1),(12,'2021-10-30',_binary '',1),(15,'2021-11-27',_binary '',1),(28,'2021-12-02',_binary '',1),(40,'2021-12-25',_binary '\0',1),(41,'2021-12-23',_binary '\0',1),(42,'2021-12-18',_binary '\0',1),(43,'2021-12-17',_binary '\0',1),(44,'2021-12-31',_binary '\0',1);
/*!40000 ALTER TABLE `reservas` ENABLE KEYS */;
UNLOCK TABLES;

--
-- Table structure for table `sanciones`
--

DROP TABLE IF EXISTS `sanciones`;
/*!40101 SET @saved_cs_client     = @@character_set_client */;
/*!50503 SET character_set_client = utf8mb4 */;
CREATE TABLE `sanciones` (
  `id_sancion` int NOT NULL AUTO_INCREMENT,
  `id_socio` int NOT NULL,
  `fecha_sancion` date NOT NULL,
  `dias_sancion` int NOT NULL,
  PRIMARY KEY (`id_sancion`),
  KEY `fk_sanciones_socios_idx` (`id_socio`),
  CONSTRAINT `fk_sanciones_socios` FOREIGN KEY (`id_socio`) REFERENCES `socios` (`id_socio`) ON DELETE RESTRICT ON UPDATE CASCADE
) ENGINE=InnoDB AUTO_INCREMENT=4 DEFAULT CHARSET=utf8mb4 COLLATE=utf8mb4_general_ci;
/*!40101 SET character_set_client = @saved_cs_client */;

--
-- Dumping data for table `sanciones`
--

LOCK TABLES `sanciones` WRITE;
/*!40000 ALTER TABLE `sanciones` DISABLE KEYS */;
INSERT INTO `sanciones` VALUES (3,4,'2021-12-02',3);
/*!40000 ALTER TABLE `sanciones` ENABLE KEYS */;
UNLOCK TABLES;

--
-- Table structure for table `socios`
--

DROP TABLE IF EXISTS `socios`;
/*!40101 SET @saved_cs_client     = @@character_set_client */;
/*!50503 SET character_set_client = utf8mb4 */;
CREATE TABLE `socios` (
  `id_socio` int NOT NULL AUTO_INCREMENT,
  `nombre` varchar(125) CHARACTER SET utf8mb4 COLLATE utf8mb4_general_ci NOT NULL,
  `apellido` varchar(125) CHARACTER SET utf8mb4 COLLATE utf8mb4_general_ci NOT NULL,
  `email` varchar(125) CHARACTER SET utf8mb4 COLLATE utf8mb4_general_ci NOT NULL,
  `domicilio` varchar(125) CHARACTER SET utf8mb4 COLLATE utf8mb4_general_ci NOT NULL,
  `telefono` varchar(45) CHARACTER SET utf8mb4 COLLATE utf8mb4_general_ci NOT NULL,
  `dni` int NOT NULL,
  `estado` bit(1) NOT NULL,
  `id_usuario` int NOT NULL,
  PRIMARY KEY (`id_socio`),
  KEY `fk_socios_usuarios_idx` (`id_usuario`),
  CONSTRAINT `fk_socios_usuarios` FOREIGN KEY (`id_usuario`) REFERENCES `usuarios` (`id_usuario`) ON DELETE RESTRICT ON UPDATE CASCADE
) ENGINE=InnoDB AUTO_INCREMENT=9 DEFAULT CHARSET=utf8mb4 COLLATE=utf8mb4_general_ci;
/*!40101 SET character_set_client = @saved_cs_client */;

--
-- Dumping data for table `socios`
--

LOCK TABLES `socios` WRITE;
/*!40000 ALTER TABLE `socios` DISABLE KEYS */;
INSERT INTO `socios` VALUES (1,'Tomas','Ponce','poncetomaseduardo@gmail.com','Formosa','3412826001',41602902,_binary '',1),(2,'Lautaro','Cano','lautarojuancano@gmail.com','Cochabamba 1234','3412636021',40504604,_binary '\0',2),(3,'Juan','Perez','jperez12345679@gmail.com','Falso','341260311',40235505,_binary '\0',3),(4,'Guido','Lorenzo','glorenzo@gmail.com','flasoo','31313123123',313131313,_binary '\0',5),(5,'Juan','Lopez','jlopez@gmail.com','jlopez','123456789',123456123,_binary '',7),(6,'prueba','prueba2','test@test.com','false','123',11122,_binary '',8),(7,'prueba','pruebita','tpapa@gmail.com','aaaaa','123',1234526,_binary '',11),(8,'Juan','Perez','12316564@gaga.com','2365+','4445566333',123456789,_binary '',12);
/*!40000 ALTER TABLE `socios` ENABLE KEYS */;
UNLOCK TABLES;

--
-- Table structure for table `usuarios`
--

DROP TABLE IF EXISTS `usuarios`;
/*!40101 SET @saved_cs_client     = @@character_set_client */;
/*!50503 SET character_set_client = utf8mb4 */;
CREATE TABLE `usuarios` (
  `id_usuario` int NOT NULL AUTO_INCREMENT,
  `nombre_usuario` varchar(125) CHARACTER SET utf8mb4 COLLATE utf8mb4_general_ci NOT NULL,
  `password` varchar(125) CHARACTER SET utf8mb4 COLLATE utf8mb4_general_ci NOT NULL,
  `estado` bit(1) NOT NULL,
  `tipo` int NOT NULL,
  PRIMARY KEY (`id_usuario`)
) ENGINE=InnoDB AUTO_INCREMENT=13 DEFAULT CHARSET=utf8mb4 COLLATE=utf8mb4_general_ci;
/*!40101 SET character_set_client = @saved_cs_client */;

--
-- Dumping data for table `usuarios`
--

LOCK TABLES `usuarios` WRITE;
/*!40000 ALTER TABLE `usuarios` DISABLE KEYS */;
INSERT INTO `usuarios` VALUES (1,'tponce','123456789',_binary '',0),(2,'lcano','123456789',_binary '',1),(3,'admin','admin',_binary '',2),(5,'glorenzo','123456789',_binary '',0),(6,'nfernandez','123456789',_binary '',0),(7,'123456123','Lopez',_binary '',0),(8,'11122','prueba2123',_binary '',0),(11,'1234526','pruebita123',_binary '',0),(12,'123456789','Perez123',_binary '',1);
/*!40000 ALTER TABLE `usuarios` ENABLE KEYS */;
UNLOCK TABLES;

--
-- Dumping events for database 'biblioteca'
--

--
-- Dumping routines for database 'biblioteca'
--
/*!50003 DROP PROCEDURE IF EXISTS `Is_Sancionado` */;
/*!50003 SET @saved_cs_client      = @@character_set_client */ ;
/*!50003 SET @saved_cs_results     = @@character_set_results */ ;
/*!50003 SET @saved_col_connection = @@collation_connection */ ;
/*!50003 SET character_set_client  = utf8mb4 */ ;
/*!50003 SET character_set_results = utf8mb4 */ ;
/*!50003 SET collation_connection  = utf8mb4_0900_ai_ci */ ;
/*!50003 SET @saved_sql_mode       = @@sql_mode */ ;
/*!50003 SET sql_mode              = 'STRICT_TRANS_TABLES,NO_ENGINE_SUBSTITUTION' */ ;
DELIMITER ;;
CREATE DEFINER=`root`@`localhost` PROCEDURE `Is_Sancionado`(Id_De_Socio int)
BEGIN
select max(fecha_sancion) into @maxfecha from sanciones where id_socio=Id_De_Socio;
select DATEDIFF(CURDATE(),fecha_sancion) as diferencia,dias_sancion from sanciones where id_socio=Id_De_Socio  and  fecha_sancion=@maxfecha;
END ;;
DELIMITER ;
/*!50003 SET sql_mode              = @saved_sql_mode */ ;
/*!50003 SET character_set_client  = @saved_cs_client */ ;
/*!50003 SET character_set_results = @saved_cs_results */ ;
/*!50003 SET collation_connection  = @saved_col_connection */ ;
/*!40103 SET TIME_ZONE=@OLD_TIME_ZONE */;

/*!40101 SET SQL_MODE=@OLD_SQL_MODE */;
/*!40014 SET FOREIGN_KEY_CHECKS=@OLD_FOREIGN_KEY_CHECKS */;
/*!40014 SET UNIQUE_CHECKS=@OLD_UNIQUE_CHECKS */;
/*!40101 SET CHARACTER_SET_CLIENT=@OLD_CHARACTER_SET_CLIENT */;
/*!40101 SET CHARACTER_SET_RESULTS=@OLD_CHARACTER_SET_RESULTS */;
/*!40101 SET COLLATION_CONNECTION=@OLD_COLLATION_CONNECTION */;
/*!40111 SET SQL_NOTES=@OLD_SQL_NOTES */;

-- Dump completed on 2021-12-05 13:36:13
